Order_ID,Order_Date,Ship_Date,Ship_Mode,Customer_ID,Customer_Name,Segment,Country,City,State,Region,Product_ID,Category,Sub_Category,Product_Name,Sales,Quantity,Discount,Profit
ORD-00001,2024-03-24,2024-03-30,Standard Class,CUS-029,Kiran Iyer,Consumer,India,Mumbai,Maharashtra,West,PROD-0019,Technology,Keyboards,Keyboards - Pro,45193.73,5,0.05,8985.41
ORD-00002,2023-08-23,2023-08-25,Same Day,CUS-066,Deepa Reddy,Consumer,India,Lucknow,Uttar Pradesh,North,PROD-0063,Technology,Monitors,Monitors - Standard,89866.24,2,0.2,-9466.94
ORD-00003,2024-02-21,2024-02-24,First Class,CUS-056,Usha Gupta,Home Office,India,Delhi,Delhi,North,PROD-0028,Furniture,Desk Lamps,Desk Lamps - Plus,18210.78,1,0,1754.89
ORD-00004,2023-07-16,2023-07-19,Standard Class,CUS-024,Priya Pillai,Corporate,India,Pune,Maharashtra,West,PROD-0013,Furniture,Storage Racks,Storage Racks - Pro,10406.41,1,0.15,1813.97
ORD-00005,2023-04-06,2023-04-09,Same Day,CUS-062,Varun Patel,Corporate,India,Kochi,Kerala,South,PROD-0068,Technology,Webcams,Webcams - Standard,124059.01,2,0.15,-10131.69
ORD-00006,2023-10-20,2023-10-25,Standard Class,CUS-038,Kavya Iyer,Consumer,India,Pune,Maharashtra,West,PROD-0013,Technology,Laptops,Laptops - Standard,248504.9,5,0,70066.8
ORD-00007,2024-05-29,2024-06-04,Second Class,CUS-011,Latha Iyer,Home Office,India,Bengaluru,Karnataka,South,PROD-0149,Technology,Smartphones,Smartphones - Pro,86432.3,2,0.15,-3826.47
ORD-00008,2024-09-26,2024-09-28,Same Day,CUS-073,Varun Das,Home Office,India,Vadodara,Gujarat,West,PROD-0034,Office Supplies,Folders & Binders,Folders & Binders - Lite,8424.11,2,0.1,416.01
ORD-00009,2024-04-13,2024-04-17,First Class,CUS-080,Sanjay Rao,Corporate,India,Delhi,Delhi,North,PROD-0018,Office Supplies,Pens & Pencils,Pens & Pencils - Plus,734.37,2,0.2,-44.43
ORD-00010,2024-01-14,2024-01-18,First Class,CUS-091,Kiran Reddy,Home Office,India,Kochi,Kerala,South,PROD-0170,Furniture,Wall Clocks,Wall Clocks - Pro,197012.85,5,0,51286.99
ORD-00011,2023-05-18,2023-05-22,First Class,CUS-071,Rekha Kumar,Home Office,India,Delhi,Delhi,North,PROD-0130,Technology,Monitors,Monitors - Standard,50915.61,2,0.1,1978.43
ORD-00012,2023-09-15,2023-09-17,Same Day,CUS-036,Sanjay Shah,Corporate,India,Noida,Uttar Pradesh,North,PROD-0142,Technology,Laptops,Laptops - Standard,57628.93,2,0.1,1512.9
ORD-00013,2024-07-28,2024-07-30,Second Class,CUS-020,Ananya Reddy,Home Office,India,Delhi,Delhi,North,PROD-0011,Office Supplies,Notebooks,Notebooks - Lite,16758.08,5,0.2,-1676.12
ORD-00014,2024-01-09,2024-01-11,Second Class,CUS-032,Varun Rao,Home Office,India,Bhubaneswar,Odisha,East,PROD-0061,Office Supplies,Pens & Pencils,Pens & Pencils - Plus,7790.38,5,0.15,1768.29
ORD-00015,2023-07-01,2023-07-06,Same Day,CUS-043,Sneha Pillai,Home Office,India,Jaipur,Rajasthan,North,PROD-0057,Furniture,Filing Cabinets,Filing Cabinets - Plus,10941.04,1,0.15,2130.09
ORD-00016,2024-04-16,2024-04-20,First Class,CUS-004,Vikram Kumar,Consumer,India,Bhubaneswar,Odisha,East,PROD-0090,Office Supplies,Paper Reams,Paper Reams - Standard,6157.44,3,0,2100.06
ORD-00017,2024-11-26,2024-12-02,Same Day,CUS-034,Ananya Mehta,Consumer,India,Kolkata,West Bengal,East,PROD-0089,Technology,USB Hubs,USB Hubs - Lite,231907.41,3,0,25340.22
ORD-00018,2024-03-22,2024-03-28,Second Class,CUS-025,Latha Kumar,Home Office,India,Chandigarh,Punjab,North,PROD-0094,Furniture,Office Chairs,Office Chairs - Standard,23380.05,1,0.2,3796.49
ORD-00019,2023-03-13,2023-03-20,First Class,CUS-085,Latha Bose,Corporate,India,Ranchi,Jharkhand,East,PROD-0142,Technology,Monitors,Monitors - Plus,160246.15,4,0.1,15783.91
ORD-00020,2023-07-16,2023-07-21,Second Class,CUS-023,Deepa Gupta,Home Office,India,Vadodara,Gujarat,West,PROD-0111,Office Supplies,Rubber Stamps,Rubber Stamps - Lite,7873.25,5,0,1275.83
ORD-00021,2024-04-21,2024-04-26,First Class,CUS-066,Deepa Reddy,Consumer,India,Vadodara,Gujarat,West,PROD-0024,Furniture,Bookshelves,Bookshelves - Plus,65705.95,3,0.2,4865.57
ORD-00022,2024-11-19,2024-11-23,Second Class,CUS-004,Vikram Kumar,Consumer,India,Chennai,Tamil Nadu,South,PROD-0184,Technology,Printers,Printers - Standard,394216.95,5,0,80011.2
ORD-00023,2024-05-21,2024-05-26,Same Day,CUS-089,Divya Joshi,Home Office,India,Chennai,Tamil Nadu,South,PROD-0013,Technology,Smartphones,Smartphones - Plus,121687.91,2,0.05,31652.9
ORD-00024,2023-05-05,2023-05-10,Same Day,CUS-068,Deepa Pillai,Home Office,India,Kochi,Kerala,South,PROD-0141,Office Supplies,Rubber Stamps,Rubber Stamps - Standard,5295.23,4,0.2,662.25
ORD-00025,2023-06-12,2023-06-19,First Class,CUS-097,Deepa Verma,Corporate,India,Surat,Gujarat,West,PROD-0113,Technology,Monitors,Monitors - Pro,268339.01,5,0.15,31323.71
ORD-00026,2024-12-31,2025-01-04,Second Class,CUS-041,Deepa Nair,Corporate,India,Hyderabad,Telangana,South,PROD-0017,Office Supplies,Pens & Pencils,Pens & Pencils - Standard,1322.65,2,0.15,182.63
ORD-00027,2024-02-22,2024-02-26,Same Day,CUS-027,Latha Rao,Consumer,India,Surat,Gujarat,West,PROD-0123,Furniture,Desk Lamps,Desk Lamps - Pro,182395.1,5,0,56782.81
ORD-00028,2023-12-27,2023-12-31,Same Day,CUS-096,Amit Bose,Home Office,India,Surat,Gujarat,West,PROD-0125,Office Supplies,Correction Fluid,Correction Fluid - Pro,6832.89,2,0.15,-86.47
ORD-00029,2024-02-03,2024-02-07,Standard Class,CUS-060,Vikram Bose,Consumer,India,Vadodara,Gujarat,West,PROD-0022,Technology,USB Hubs,USB Hubs - Standard,148662.08,4,0.2,6018.18
ORD-00030,2023-05-19,2023-05-24,Same Day,CUS-049,Suresh Mehta,Corporate,India,Bengaluru,Karnataka,South,PROD-0065,Furniture,Filing Cabinets,Filing Cabinets - Pro,50550.89,3,0.15,305.05
ORD-00031,2024-04-26,2024-04-28,Second Class,CUS-084,Varun Nair,Consumer,India,Lucknow,Uttar Pradesh,North,PROD-0062,Technology,Laptops,Laptops - Plus,118379.1,2,0.05,31973.79
ORD-00032,2024-04-29,2024-05-06,Standard Class,CUS-060,Vikram Bose,Consumer,India,Agra,Uttar Pradesh,North,PROD-0200,Office Supplies,Sticky Notes,Sticky Notes - Plus,6172.48,2,0.2,339.15
ORD-00033,2023-11-15,2023-11-17,Second Class,CUS-087,Sunita Sharma,Home Office,India,Lucknow,Uttar Pradesh,North,PROD-0027,Furniture,Desk Lamps,Desk Lamps - Lite,75668.82,2,0,18150.41
ORD-00034,2024-12-01,2024-12-07,Standard Class,CUS-045,Sanjay Joshi,Consumer,India,Agra,Uttar Pradesh,North,PROD-0108,Office Supplies,Calculators,Calculators - Standard,2673.16,1,0.2,183.23
ORD-00035,2023-04-19,2023-04-24,Same Day,CUS-091,Kiran Reddy,Corporate,India,Cuttack,Odisha,East,PROD-0120,Technology,Webcams,Webcams - Standard,93068.37,5,0.1,15128.4
ORD-00036,2024-08-29,2024-09-02,First Class,CUS-036,Sanjay Shah,Consumer,India,Bhubaneswar,Odisha,East,PROD-0008,Furniture,Filing Cabinets,Filing Cabinets - Standard,123070.48,5,0.2,9293.5
ORD-00037,2023-11-29,2023-12-02,Second Class,CUS-034,Ananya Mehta,Corporate,India,Pune,Maharashtra,West,PROD-0022,Furniture,Conference Tables,Conference Tables - Plus,85372.42,3,0.2,-12513.38
ORD-00038,2024-02-21,2024-02-26,Same Day,CUS-083,Vikram Shah,Corporate,India,Mysuru,Karnataka,South,PROD-0178,Office Supplies,Markers,Markers - Plus,2296.06,1,0,366.09
ORD-00039,2023-11-10,2023-11-17,Same Day,CUS-068,Deepa Pillai,Home Office,India,Guwahati,Assam,East,PROD-0070,Furniture,Desk Lamps,Desk Lamps - Lite,179439.12,5,0.1,14951.04
ORD-00040,2023-09-15,2023-09-18,Same Day,CUS-041,Deepa Nair,Consumer,India,Noida,Uttar Pradesh,North,PROD-0071,Technology,Smart Watches,Smart Watches - Lite,145280.04,2,0.05,13522.34
ORD-00041,2023-04-13,2023-04-16,Standard Class,CUS-023,Deepa Gupta,Corporate,India,Bhubaneswar,Odisha,East,PROD-0142,Furniture,Office Chairs,Office Chairs - Lite,52554.02,2,0.1,-450.26
ORD-00042,2024-12-15,2024-12-18,First Class,CUS-074,Ananya Rao,Consumer,India,Mumbai,Maharashtra,West,PROD-0123,Furniture,Storage Racks,Storage Racks - Pro,59030.43,3,0.05,18062.34
ORD-00043,2023-03-08,2023-03-13,Second Class,CUS-081,Sanjay Bose,Home Office,India,Mumbai,Maharashtra,West,PROD-0031,Office Supplies,Notebooks,Notebooks - Standard,3795.57,5,0.1,12.65
ORD-00044,2024-09-12,2024-09-18,Standard Class,CUS-058,Kiran Mehta,Corporate,India,Coimbatore,Tamil Nadu,South,PROD-0157,Furniture,Conference Tables,Conference Tables - Pro,125374.21,4,0.1,18601.35
ORD-00045,2023-08-01,2023-08-08,Same Day,CUS-011,Latha Iyer,Home Office,India,Hyderabad,Telangana,South,PROD-0177,Technology,Printers,Printers - Standard,19488.85,1,0.05,630.26
ORD-00046,2023-10-26,2023-10-28,Second Class,CUS-037,Sneha Shah,Home Office,India,Hyderabad,Telangana,South,PROD-0109,Office Supplies,Markers,Markers - Pro,807.8,2,0.1,172.97
ORD-00047,2024-07-11,2024-07-14,Same Day,CUS-010,Deepa Sharma,Consumer,India,Hyderabad,Telangana,South,PROD-0032,Technology,Tablets,Tablets - Standard,260277.04,5,0.2,41879.22
ORD-00048,2024-12-06,2024-12-10,First Class,CUS-070,Latha Sharma,Home Office,India,Ahmedabad,Gujarat,West,PROD-0007,Furniture,Storage Racks,Storage Racks - Pro,5079.9,1,0.15,766.91
ORD-00049,2023-08-23,2023-08-30,Same Day,CUS-074,Ananya Rao,Corporate,India,Noida,Uttar Pradesh,North,PROD-0163,Technology,Tablets,Tablets - Standard,150753.82,4,0.1,4857.97
ORD-00050,2023-04-04,2023-04-09,First Class,CUS-042,Latha Joshi,Corporate,India,Guwahati,Assam,East,PROD-0170,Office Supplies,Pens & Pencils,Pens & Pencils - Standard,10972.37,3,0.15,1514.08
ORD-00051,2024-07-17,2024-07-19,Standard Class,CUS-033,Rahul Joshi,Corporate,India,Mumbai,Maharashtra,West,PROD-0169,Furniture,Executive Desks,Executive Desks - Standard,124469.86,4,0.2,15983.54
ORD-00052,2024-02-28,2024-03-01,First Class,CUS-080,Sanjay Rao,Corporate,India,Coimbatore,Tamil Nadu,South,PROD-0113,Furniture,Storage Racks,Storage Racks - Standard,56015.37,2,0.1,7984.64
ORD-00053,2023-05-05,2023-05-07,Standard Class,CUS-040,Mohan Reddy,Consumer,India,Mysuru,Karnataka,South,PROD-0119,Office Supplies,Notebooks,Notebooks - Pro,2665.73,1,0.05,835.94
ORD-00054,2024-10-25,2024-10-28,Second Class,CUS-066,Deepa Reddy,Corporate,India,Vadodara,Gujarat,West,PROD-0099,Office Supplies,Sticky Notes,Sticky Notes - Plus,7262.06,4,0.15,-35.82
ORD-00055,2024-09-05,2024-09-11,First Class,CUS-099,Mohan Rao,Corporate,India,Bengaluru,Karnataka,South,PROD-0186,Furniture,Whiteboards,Whiteboards - Lite,169052.36,5,0.1,37858.03
ORD-00056,2024-08-24,2024-08-30,First Class,CUS-069,Ravi Gupta,Corporate,India,Pune,Maharashtra,West,PROD-0049,Furniture,Whiteboards,Whiteboards - Plus,65026.19,5,0.15,4050.22
ORD-00057,2024-08-08,2024-08-13,Second Class,CUS-041,Deepa Nair,Consumer,India,Kochi,Kerala,South,PROD-0127,Office Supplies,Markers,Markers - Pro,12089.11,4,0.15,2800.0
ORD-00058,2023-05-10,2023-05-16,Second Class,CUS-013,Pooja Pillai,Corporate,India,Kolkata,West Bengal,East,PROD-0020,Office Supplies,Markers,Markers - Standard,297.84,2,0.15,57.87
ORD-00059,2023-09-29,2023-10-03,Standard Class,CUS-043,Sneha Pillai,Consumer,India,Vadodara,Gujarat,West,PROD-0159,Office Supplies,Correction Fluid,Correction Fluid - Pro,5003.23,3,0.15,974.41
ORD-00060,2023-08-29,2023-09-05,First Class,CUS-012,Mohan Verma,Home Office,India,Bhubaneswar,Odisha,East,PROD-0008,Furniture,Executive Desks,Executive Desks - Pro,26463.63,1,0.15,-780.88
ORD-00061,2023-11-29,2023-12-01,Standard Class,CUS-056,Usha Gupta,Corporate,India,Patna,Bihar,East,PROD-0157,Technology,Printers,Printers - Standard,219658.86,5,0.05,17548.57
ORD-00062,2024-09-26,2024-10-03,Same Day,CUS-019,Varun Das,Home Office,India,Kochi,Kerala,South,PROD-0074,Technology,Headphones,Headphones - Plus,194144.87,4,0.1,34524.78
ORD-00063,2023-03-17,2023-03-22,Same Day,CUS-082,Deepa Iyer,Corporate,India,Ranchi,Jharkhand,East,PROD-0028,Furniture,Conference Tables,Conference Tables - Plus,56723.35,3,0.05,17902.54
ORD-00064,2024-01-26,2024-02-01,Standard Class,CUS-090,Priya Joshi,Corporate,India,Ranchi,Jharkhand,East,PROD-0156,Furniture,Office Chairs,Office Chairs - Standard,141062.22,4,0.1,-2792.02
ORD-00065,2023-10-21,2023-10-24,Standard Class,CUS-025,Latha Kumar,Home Office,India,Bhubaneswar,Odisha,East,PROD-0080,Office Supplies,Sticky Notes,Sticky Notes - Standard,6842.1,2,0,2216.29
ORD-00066,2023-02-04,2023-02-10,First Class,CUS-012,Mohan Verma,Consumer,India,Cuttack,Odisha,East,PROD-0136,Furniture,Whiteboards,Whiteboards - Lite,58247.9,2,0.05,4027.27
ORD-00067,2023-06-18,2023-06-22,Same Day,CUS-044,Nikhil Gupta,Home Office,India,Ahmedabad,Gujarat,West,PROD-0143,Technology,Headphones,Headphones - Lite,146923.81,2,0.05,40556.84
ORD-00068,2023-04-03,2023-04-08,First Class,CUS-016,Mohan Verma,Home Office,India,Lucknow,Uttar Pradesh,North,PROD-0028,Furniture,Whiteboards,Whiteboards - Plus,66947.16,3,0.2,-1432.93
ORD-00069,2024-04-27,2024-04-29,Standard Class,CUS-083,Vikram Shah,Consumer,India,Ranchi,Jharkhand,East,PROD-0010,Technology,Headphones,Headphones - Lite,187363.57,3,0.15,-8485.92
ORD-00070,2024-05-19,2024-05-21,Second Class,CUS-018,Vikram Iyer,Home Office,India,Jaipur,Rajasthan,North,PROD-0107,Furniture,Storage Racks,Storage Racks - Pro,71091.58,5,0.15,7408.74
ORD-00071,2024-05-16,2024-05-22,First Class,CUS-089,Divya Joshi,Consumer,India,Ahmedabad,Gujarat,West,PROD-0140,Furniture,Filing Cabinets,Filing Cabinets - Lite,34929.31,2,0.1,264.91
ORD-00072,2023-03-04,2023-03-09,First Class,CUS-059,Kavya Joshi,Consumer,India,Bhubaneswar,Odisha,East,PROD-0063,Technology,Printers,Printers - Plus,271013.6,5,0,25382.1
ORD-00073,2024-08-01,2024-08-04,Second Class,CUS-076,Arun Sharma,Consumer,India,Agra,Uttar Pradesh,North,PROD-0034,Technology,Printers,Printers - Lite,50650.06,2,0.2,-7549.04
ORD-00074,2023-06-28,2023-06-30,Same Day,CUS-046,Rekha Das,Consumer,India,Jaipur,Rajasthan,North,PROD-0135,Technology,USB Hubs,USB Hubs - Pro,56360.79,2,0.1,-366.49
ORD-00075,2023-03-07,2023-03-12,First Class,CUS-076,Arun Sharma,Home Office,India,Ahmedabad,Gujarat,West,PROD-0118,Technology,Headphones,Headphones - Pro,221381.95,5,0,61180.14
ORD-00076,2023-03-04,2023-03-09,Standard Class,CUS-014,Kiran Gupta,Home Office,India,Surat,Gujarat,West,PROD-0033,Furniture,Storage Racks,Storage Racks - Lite,5147.24,1,0.1,824.93
ORD-00077,2024-10-01,2024-10-08,Standard Class,CUS-068,Deepa Pillai,Home Office,India,Guwahati,Assam,East,PROD-0168,Furniture,Storage Racks,Storage Racks - Plus,86821.56,4,0,25537.34
ORD-00078,2024-03-16,2024-03-21,First Class,CUS-059,Kavya Joshi,Corporate,India,Kochi,Kerala,South,PROD-0096,Furniture,Desk Lamps,Desk Lamps - Plus,76488.93,3,0.15,1294.14
ORD-00079,2024-12-04,2024-12-09,First Class,CUS-012,Mohan Verma,Consumer,India,Delhi,Delhi,North,PROD-0172,Furniture,Executive Desks,Executive Desks - Pro,87066.9,3,0.05,16517.06
ORD-00080,2024-02-25,2024-02-29,Same Day,CUS-037,Sneha Shah,Consumer,India,Vadodara,Gujarat,West,PROD-0058,Office Supplies,Sticky Notes,Sticky Notes - Pro,7292.28,5,0.2,-570.26
ORD-00081,2023-12-25,2023-12-31,Standard Class,CUS-074,Ananya Rao,Corporate,India,Kolkata,West Bengal,East,PROD-0156,Technology,Webcams,Webcams - Lite,275404.68,5,0.2,21427.76
ORD-00082,2023-01-30,2023-02-02,Standard Class,CUS-044,Nikhil Gupta,Corporate,India,Cuttack,Odisha,East,PROD-0037,Furniture,Office Chairs,Office Chairs - Pro,15539.22,2,0.2,1116.55
ORD-00083,2023-04-04,2023-04-11,Standard Class,CUS-059,Kavya Joshi,Corporate,India,Kochi,Kerala,South,PROD-0040,Furniture,Bookshelves,Bookshelves - Plus,40060.7,3,0.2,2052.13
ORD-00084,2024-09-24,2024-09-26,Standard Class,CUS-085,Latha Bose,Corporate,India,Lucknow,Uttar Pradesh,North,PROD-0089,Furniture,Storage Racks,Storage Racks - Standard,91662.52,4,0.1,3890.93
ORD-00085,2023-04-24,2023-04-28,First Class,CUS-040,Mohan Reddy,Home Office,India,Nagpur,Maharashtra,West,PROD-0055,Technology,Printers,Printers - Plus,182294.8,5,0,14961.94
ORD-00086,2023-09-19,2023-09-23,First Class,CUS-064,Sanjay Nair,Consumer,India,Kolkata,West Bengal,East,PROD-0019,Office Supplies,Calculators,Calculators - Standard,3074.88,4,0.2,269.02
ORD-00087,2023-02-13,2023-02-18,Standard Class,CUS-041,Deepa Nair,Consumer,India,Chandigarh,Punjab,North,PROD-0084,Office Supplies,Calculators,Calculators - Plus,10474.78,4,0.1,129.15
ORD-00088,2024-09-24,2024-09-29,First Class,CUS-014,Kiran Gupta,Corporate,India,Kolkata,West Bengal,East,PROD-0191,Technology,Webcams,Webcams - Lite,251993.65,5,0,47086.78
ORD-00089,2023-08-15,2023-08-19,Second Class,CUS-082,Deepa Iyer,Home Office,India,Bengaluru,Karnataka,South,PROD-0061,Technology,Smart Watches,Smart Watches - Pro,120734.69,3,0.1,23662.97
ORD-00090,2023-05-30,2023-06-03,Same Day,CUS-020,Ananya Reddy,Home Office,India,Chennai,Tamil Nadu,South,PROD-0175,Office Supplies,Pens & Pencils,Pens & Pencils - Lite,3291.27,4,0.15,517.7
ORD-00091,2024-10-04,2024-10-08,Standard Class,CUS-061,Sunita Reddy,Consumer,India,Kochi,Kerala,South,PROD-0080,Furniture,Conference Tables,Conference Tables - Standard,162321.0,5,0,28410.14
ORD-00092,2024-04-07,2024-04-09,Standard Class,CUS-010,Deepa Sharma,Corporate,India,Lucknow,Uttar Pradesh,North,PROD-0116,Office Supplies,Pens & Pencils,Pens & Pencils - Plus,13232.55,5,0.15,855.17
ORD-00093,2023-11-26,2023-12-02,Second Class,CUS-008,Rahul Iyer,Consumer,India,Nagpur,Maharashtra,West,PROD-0011,Furniture,Executive Desks,Executive Desks - Plus,99017.31,3,0,21410.34
ORD-00094,2024-12-25,2024-12-30,First Class,CUS-079,Ravi Kumar,Home Office,India,Nagpur,Maharashtra,West,PROD-0174,Technology,Keyboards,Keyboards - Pro,88855.62,3,0.15,4219.88
ORD-00095,2024-10-08,2024-10-15,Second Class,CUS-013,Pooja Pillai,Corporate,India,Kolkata,West Bengal,East,PROD-0090,Office Supplies,Calculators,Calculators - Lite,7088.52,5,0.05,895.45
ORD-00096,2024-11-02,2024-11-09,Standard Class,CUS-091,Kiran Reddy,Home Office,India,Pune,Maharashtra,West,PROD-0166,Technology,Monitors,Monitors - Standard,137490.81,3,0.05,30527.51
ORD-00097,2024-06-04,2024-06-08,Second Class,CUS-024,Priya Pillai,Corporate,India,Lucknow,Uttar Pradesh,North,PROD-0040,Technology,Keyboards,Keyboards - Pro,289682.06,4,0.05,27799.3
ORD-00098,2023-10-30,2023-11-01,Second Class,CUS-099,Mohan Rao,Corporate,India,Noida,Uttar Pradesh,North,PROD-0185,Office Supplies,Staplers,Staplers - Standard,5750.37,2,0.05,477.15
ORD-00099,2023-02-14,2023-02-19,First Class,CUS-031,Priya Joshi,Home Office,India,Cuttack,Odisha,East,PROD-0121,Furniture,Wall Clocks,Wall Clocks - Plus,51460.85,4,0.05,9435.38
ORD-00100,2024-01-12,2024-01-19,Second Class,CUS-100,Nikhil Shah,Corporate,India,Surat,Gujarat,West,PROD-0065,Furniture,Ergonomic Stands,Ergonomic Stands - Pro,42780.42,2,0.05,11093.19
ORD-00101,2024-10-18,2024-10-23,Second Class,CUS-092,Rahul Chopra,Consumer,India,Ranchi,Jharkhand,East,PROD-0112,Office Supplies,Pens & Pencils,Pens & Pencils - Pro,2694.26,2,0.1,303.3
ORD-00102,2023-08-16,2023-08-21,Standard Class,CUS-007,Priya Sharma,Corporate,India,Kolkata,West Bengal,East,PROD-0082,Furniture,Ergonomic Stands,Ergonomic Stands - Pro,67346.32,4,0,12204.93
ORD-00103,2024-10-27,2024-10-31,Standard Class,CUS-037,Sneha Shah,Consumer,India,Chennai,Tamil Nadu,South,PROD-0005,Furniture,Bookshelves,Bookshelves - Lite,105662.21,4,0.15,11951.52
ORD-00104,2023-08-09,2023-08-12,Standard Class,CUS-031,Priya Joshi,Corporate,India,Mumbai,Maharashtra,West,PROD-0128,Furniture,Executive Desks,Executive Desks - Pro,15253.54,4,0.2,65.22
ORD-00105,2024-10-09,2024-10-15,Standard Class,CUS-038,Kavya Iyer,Consumer,India,Mysuru,Karnataka,South,PROD-0135,Furniture,Office Chairs,Office Chairs - Lite,41196.72,2,0.2,-387.6
ORD-00106,2023-03-11,2023-03-17,Standard Class,CUS-006,Kiran Verma,Corporate,India,Chandigarh,Punjab,North,PROD-0089,Office Supplies,Calculators,Calculators - Plus,14721.27,3,0,2597.06
ORD-00107,2024-11-03,2024-11-10,Second Class,CUS-097,Deepa Verma,Home Office,India,Agra,Uttar Pradesh,North,PROD-0200,Furniture,Bookshelves,Bookshelves - Standard,20881.89,5,0.1,4632.24
ORD-00108,2024-12-13,2024-12-18,First Class,CUS-092,Rahul Chopra,Consumer,India,Chennai,Tamil Nadu,South,PROD-0080,Furniture,Office Chairs,Office Chairs - Standard,13164.51,1,0.05,3729.9
ORD-00109,2024-07-10,2024-07-15,First Class,CUS-025,Latha Kumar,Home Office,India,Kolkata,West Bengal,East,PROD-0112,Furniture,Whiteboards,Whiteboards - Standard,31409.22,1,0.1,1876.47
ORD-00110,2024-03-26,2024-03-31,Same Day,CUS-089,Divya Joshi,Corporate,India,Bhubaneswar,Odisha,East,PROD-0021,Furniture,Whiteboards,Whiteboards - Standard,167397.7,5,0.1,36513.16
ORD-00111,2024-09-08,2024-09-11,Same Day,CUS-011,Latha Iyer,Consumer,India,Patna,Bihar,East,PROD-0090,Furniture,Conference Tables,Conference Tables - Standard,60946.49,5,0.15,-1792.97
ORD-00112,2023-02-13,2023-02-20,Second Class,CUS-036,Sanjay Shah,Corporate,India,Ranchi,Jharkhand,East,PROD-0008,Office Supplies,Notebooks,Notebooks - Plus,1683.72,4,0.1,221.75
ORD-00113,2024-09-14,2024-09-21,Same Day,CUS-009,Pooja Bose,Consumer,India,Mumbai,Maharashtra,West,PROD-0095,Technology,Keyboards,Keyboards - Lite,170374.2,5,0,41464.92
ORD-00114,2024-03-30,2024-04-01,Same Day,CUS-051,Rohan Das,Corporate,India,Coimbatore,Tamil Nadu,South,PROD-0133,Furniture,Conference Tables,Conference Tables - Standard,12235.63,1,0,3409.24
ORD-00115,2024-07-29,2024-07-31,Standard Class,CUS-058,Kiran Mehta,Home Office,India,Patna,Bihar,East,PROD-0116,Technology,USB Hubs,USB Hubs - Plus,108533.85,4,0.05,7210.32
ORD-00116,2024-12-31,2025-01-05,Second Class,CUS-086,Arjun Das,Corporate,India,Noida,Uttar Pradesh,North,PROD-0093,Furniture,Executive Desks,Executive Desks - Plus,63044.7,3,0.1,14701.17
ORD-00117,2023-05-05,2023-05-08,Standard Class,CUS-004,Vikram Kumar,Corporate,India,Chennai,Tamil Nadu,South,PROD-0017,Furniture,Ergonomic Stands,Ergonomic Stands - Lite,77357.63,4,0.2,-8215.55
ORD-00118,2024-02-12,2024-02-19,First Class,CUS-099,Mohan Rao,Corporate,India,Nagpur,Maharashtra,West,PROD-0033,Furniture,Wall Clocks,Wall Clocks - Plus,17186.34,3,0,3462.93
ORD-00119,2023-05-13,2023-05-18,First Class,CUS-020,Ananya Reddy,Home Office,India,Delhi,Delhi,North,PROD-0021,Furniture,Bookshelves,Bookshelves - Lite,16187.0,2,0.1,4241.36
ORD-00120,2023-07-21,2023-07-28,Second Class,CUS-039,Rekha Gupta,Home Office,India,Bhubaneswar,Odisha,East,PROD-0044,Office Supplies,Correction Fluid,Correction Fluid - Lite,892.48,2,0.2,149.75
ORD-00121,2024-07-31,2024-08-02,Standard Class,CUS-083,Vikram Shah,Consumer,India,Delhi,Delhi,North,PROD-0128,Office Supplies,Sticky Notes,Sticky Notes - Lite,13984.8,5,0.15,1594.09
ORD-00122,2024-10-19,2024-10-23,Same Day,CUS-052,Rohan Chopra,Home Office,India,Pune,Maharashtra,West,PROD-0119,Furniture,Storage Racks,Storage Racks - Plus,5415.0,1,0.05,847.55
ORD-00123,2023-12-15,2023-12-21,Standard Class,CUS-041,Deepa Nair,Home Office,India,Hyderabad,Telangana,South,PROD-0082,Office Supplies,Folders & Binders,Folders & Binders - Plus,8782.79,2,0.1,1161.72
ORD-00124,2024-04-22,2024-04-24,Second Class,CUS-019,Varun Das,Consumer,India,Guwahati,Assam,East,PROD-0084,Technology,Laptops,Laptops - Lite,92464.83,4,0.2,-821.04
ORD-00125,2023-07-14,2023-07-17,Second Class,CUS-064,Sanjay Nair,Corporate,India,Nagpur,Maharashtra,West,PROD-0056,Furniture,Storage Racks,Storage Racks - Lite,12344.06,4,0.2,53.27
ORD-00126,2023-02-19,2023-02-21,First Class,CUS-084,Varun Nair,Home Office,India,Guwahati,Assam,East,PROD-0187,Office Supplies,Markers,Markers - Lite,1500.17,1,0,294.56
ORD-00127,2024-02-17,2024-02-21,Same Day,CUS-073,Varun Das,Consumer,India,Chandigarh,Punjab,North,PROD-0196,Office Supplies,Paper Reams,Paper Reams - Lite,5629.11,3,0,1037.52
ORD-00128,2024-09-30,2024-10-07,Same Day,CUS-051,Rohan Das,Consumer,India,Jaipur,Rajasthan,North,PROD-0129,Furniture,Whiteboards,Whiteboards - Pro,67373.37,3,0.05,5939.18
ORD-00129,2023-02-16,2023-02-18,First Class,CUS-061,Sunita Reddy,Corporate,India,Mysuru,Karnataka,South,PROD-0042,Office Supplies,Markers,Markers - Standard,3941.6,5,0.05,491.87
ORD-00130,2024-09-23,2024-09-30,Standard Class,CUS-065,Rekha Verma,Corporate,India,Ranchi,Jharkhand,East,PROD-0095,Office Supplies,Correction Fluid,Correction Fluid - Lite,11251.12,5,0.1,1352.9
ORD-00131,2024-11-20,2024-11-22,Standard Class,CUS-093,Rahul Singh,Corporate,India,Nagpur,Maharashtra,West,PROD-0150,Office Supplies,Notebooks,Notebooks - Standard,7259.66,3,0.2,326.33
ORD-00132,2023-06-24,2023-06-30,First Class,CUS-032,Varun Rao,Home Office,India,Pune,Maharashtra,West,PROD-0108,Technology,USB Hubs,USB Hubs - Plus,72457.23,1,0.05,2678.1
ORD-00133,2024-02-27,2024-03-05,First Class,CUS-100,Nikhil Shah,Home Office,India,Kochi,Kerala,South,PROD-0170,Office Supplies,Markers,Markers - Standard,4157.97,1,0.05,744.25
ORD-00134,2024-06-22,2024-06-27,Second Class,CUS-069,Ravi Gupta,Corporate,India,Bhubaneswar,Odisha,East,PROD-0072,Furniture,Ergonomic Stands,Ergonomic Stands - Lite,38660.69,3,0.2,518.47
ORD-00135,2023-08-19,2023-08-23,First Class,CUS-089,Divya Joshi,Consumer,India,Cuttack,Odisha,East,PROD-0074,Office Supplies,Markers,Markers - Pro,3968.4,3,0.2,655.28
ORD-00136,2024-08-10,2024-08-17,First Class,CUS-099,Mohan Rao,Corporate,India,Surat,Gujarat,West,PROD-0192,Technology,Monitors,Monitors - Standard,9925.91,1,0.1,2530.92
ORD-00137,2023-08-08,2023-08-11,Second Class,CUS-035,Amit Pillai,Home Office,India,Ranchi,Jharkhand,East,PROD-0164,Technology,Smartphones,Smartphones - Plus,248561.56,5,0.05,24977.47
ORD-00138,2023-02-23,2023-02-25,Same Day,CUS-061,Sunita Reddy,Home Office,India,Ahmedabad,Gujarat,West,PROD-0123,Technology,Tablets,Tablets - Plus,39772.03,5,0.05,5855.49
ORD-00139,2023-10-22,2023-10-26,Second Class,CUS-099,Mohan Rao,Consumer,India,Cuttack,Odisha,East,PROD-0010,Technology,USB Hubs,USB Hubs - Standard,23483.86,1,0.05,3530.71
ORD-00140,2024-05-22,2024-05-25,Same Day,CUS-039,Rekha Gupta,Consumer,India,Kolkata,West Bengal,East,PROD-0035,Office Supplies,Rubber Stamps,Rubber Stamps - Standard,1689.58,3,0.1,192.75
ORD-00141,2023-10-07,2023-10-10,Second Class,CUS-094,Vikram Chopra,Consumer,India,Lucknow,Uttar Pradesh,North,PROD-0045,Furniture,Conference Tables,Conference Tables - Standard,26629.32,1,0.1,5725.52
ORD-00142,2024-03-13,2024-03-19,Standard Class,CUS-086,Arjun Das,Corporate,India,Kolkata,West Bengal,East,PROD-0067,Technology,Tablets,Tablets - Standard,283252.79,4,0.1,73228.04
ORD-00143,2023-08-30,2023-09-04,Standard Class,CUS-075,Meena Nair,Corporate,India,Patna,Bihar,East,PROD-0120,Office Supplies,Rubber Stamps,Rubber Stamps - Lite,444.71,3,0.05,21.9
ORD-00144,2023-06-13,2023-06-18,Same Day,CUS-082,Deepa Iyer,Consumer,India,Cuttack,Odisha,East,PROD-0192,Furniture,Whiteboards,Whiteboards - Lite,48908.17,2,0.05,8191.3
ORD-00145,2024-03-01,2024-03-08,First Class,CUS-028,Sanjay Shah,Home Office,India,Nagpur,Maharashtra,West,PROD-0020,Technology,USB Hubs,USB Hubs - Pro,56692.58,1,0.2,44.08
ORD-00146,2023-03-05,2023-03-11,Same Day,CUS-020,Ananya Reddy,Home Office,India,Coimbatore,Tamil Nadu,South,PROD-0024,Technology,Keyboards,Keyboards - Standard,278091.96,4,0,73327.21
ORD-00147,2023-02-26,2023-03-03,Standard Class,CUS-059,Kavya Joshi,Corporate,India,Coimbatore,Tamil Nadu,South,PROD-0191,Office Supplies,Notebooks,Notebooks - Plus,8514.33,3,0,1591.38
ORD-00148,2024-08-15,2024-08-17,Same Day,CUS-090,Priya Joshi,Corporate,India,Chandigarh,Punjab,North,PROD-0047,Technology,Smart Watches,Smart Watches - Plus,67640.36,1,0.15,-4888.54
ORD-00149,2024-10-18,2024-10-25,First Class,CUS-058,Kiran Mehta,Corporate,India,Ahmedabad,Gujarat,West,PROD-0031,Furniture,Desk Lamps,Desk Lamps - Plus,28353.94,5,0.05,6161.88
ORD-00150,2024-07-04,2024-07-09,Second Class,CUS-001,Sanjay Kumar,Consumer,India,Mysuru,Karnataka,South,PROD-0064,Technology,Monitors,Monitors - Standard,175679.19,5,0.15,15216.31
ORD-00151,2023-12-21,2023-12-24,Standard Class,CUS-098,Rohan Iyer,Home Office,India,Bhubaneswar,Odisha,East,PROD-0062,Technology,Laptops,Laptops - Plus,212103.78,4,0.2,23022.39
ORD-00152,2023-03-10,2023-03-12,Second Class,CUS-087,Sunita Sharma,Home Office,India,Chandigarh,Punjab,North,PROD-0194,Office Supplies,Notebooks,Notebooks - Pro,1104.32,1,0.15,63.04
ORD-00153,2023-05-24,2023-05-30,Second Class,CUS-074,Ananya Rao,Home Office,India,Bhubaneswar,Odisha,East,PROD-0170,Furniture,Wall Clocks,Wall Clocks - Plus,71600.41,3,0.05,8401.85
ORD-00154,2024-02-28,2024-03-03,First Class,CUS-076,Arun Sharma,Home Office,India,Kolkata,West Bengal,East,PROD-0165,Office Supplies,Staplers,Staplers - Standard,10135.58,4,0.2,175.06
ORD-00155,2024-06-21,2024-06-25,First Class,CUS-039,Rekha Gupta,Consumer,India,Surat,Gujarat,West,PROD-0182,Furniture,Bookshelves,Bookshelves - Plus,117470.92,4,0.05,32066.11
ORD-00156,2024-04-19,2024-04-21,Same Day,CUS-068,Deepa Pillai,Home Office,India,Surat,Gujarat,West,PROD-0095,Technology,Webcams,Webcams - Pro,45874.46,2,0.1,7880.75
ORD-00157,2024-07-02,2024-07-09,Second Class,CUS-049,Suresh Mehta,Corporate,India,Bengaluru,Karnataka,South,PROD-0123,Office Supplies,Rubber Stamps,Rubber Stamps - Plus,2901.6,1,0.05,755.2
ORD-00158,2023-12-07,2023-12-11,Second Class,CUS-095,Latha Nair,Consumer,India,Jaipur,Rajasthan,North,PROD-0142,Technology,Headphones,Headphones - Lite,350738.91,5,0.05,50613.71
ORD-00159,2023-10-17,2023-10-22,Same Day,CUS-046,Rekha Das,Home Office,India,Nagpur,Maharashtra,West,PROD-0195,Furniture,Conference Tables,Conference Tables - Lite,55443.29,4,0.15,-2829.29
ORD-00160,2023-07-28,2023-08-01,Same Day,CUS-073,Varun Das,Consumer,India,Guwahati,Assam,East,PROD-0076,Technology,Tablets,Tablets - Plus,36671.32,5,0.2,1667.11
ORD-00161,2023-07-20,2023-07-24,Same Day,CUS-032,Varun Rao,Home Office,India,Kochi,Kerala,South,PROD-0186,Furniture,Ergonomic Stands,Ergonomic Stands - Standard,73495.32,3,0.1,15197.8
ORD-00162,2024-04-16,2024-04-19,Standard Class,CUS-093,Rahul Singh,Consumer,India,Bhubaneswar,Odisha,East,PROD-0172,Office Supplies,Markers,Markers - Pro,5009.15,5,0,1109.35
ORD-00163,2023-01-07,2023-01-12,Same Day,CUS-009,Pooja Bose,Consumer,India,Mysuru,Karnataka,South,PROD-0169,Office Supplies,Staplers,Staplers - Standard,615.36,5,0.15,22.27
ORD-00164,2023-01-17,2023-01-19,Same Day,CUS-068,Deepa Pillai,Consumer,India,Mumbai,Maharashtra,West,PROD-0046,Office Supplies,Sticky Notes,Sticky Notes - Pro,8175.36,3,0,1762.59
ORD-00165,2023-04-09,2023-04-15,Same Day,CUS-080,Sanjay Rao,Consumer,India,Chennai,Tamil Nadu,South,PROD-0118,Office Supplies,Sticky Notes,Sticky Notes - Plus,10441.1,3,0.15,-597.78
ORD-00166,2024-12-14,2024-12-17,Standard Class,CUS-084,Varun Nair,Consumer,India,Cuttack,Odisha,East,PROD-0164,Office Supplies,Notebooks,Notebooks - Pro,1897.71,4,0.15,176.89
ORD-00167,2024-12-20,2024-12-23,Second Class,CUS-083,Vikram Shah,Corporate,India,Chandigarh,Punjab,North,PROD-0055,Furniture,Wall Clocks,Wall Clocks - Standard,31328.94,1,0.2,5019.33
ORD-00168,2023-10-05,2023-10-07,Second Class,CUS-070,Latha Sharma,Corporate,India,Noida,Uttar Pradesh,North,PROD-0193,Office Supplies,Notebooks,Notebooks - Standard,2936.52,3,0,997.23
ORD-00169,2023-03-20,2023-03-24,First Class,CUS-073,Varun Das,Consumer,India,Coimbatore,Tamil Nadu,South,PROD-0014,Furniture,Ergonomic Stands,Ergonomic Stands - Pro,30548.0,2,0,6574.36
ORD-00170,2024-03-23,2024-03-26,Same Day,CUS-099,Mohan Rao,Home Office,India,Lucknow,Uttar Pradesh,North,PROD-0126,Office Supplies,Rubber Stamps,Rubber Stamps - Plus,6131.52,3,0,1540.32
ORD-00171,2023-12-31,2024-01-06,Standard Class,CUS-088,Ananya Shah,Consumer,India,Surat,Gujarat,West,PROD-0022,Office Supplies,Calculators,Calculators - Lite,2339.55,5,0.1,508.14
ORD-00172,2023-06-07,2023-06-12,First Class,CUS-041,Deepa Nair,Corporate,India,Mysuru,Karnataka,South,PROD-0027,Furniture,Executive Desks,Executive Desks - Plus,16284.96,3,0.15,520.69
ORD-00173,2023-03-31,2023-04-03,First Class,CUS-072,Rekha Gupta,Home Office,India,Surat,Gujarat,West,PROD-0099,Office Supplies,Calculators,Calculators - Pro,545.53,1,0.1,78.58
ORD-00174,2023-10-26,2023-10-31,First Class,CUS-072,Rekha Gupta,Home Office,India,Mumbai,Maharashtra,West,PROD-0069,Technology,USB Hubs,USB Hubs - Standard,172974.21,4,0.05,12287.87
ORD-00175,2023-05-30,2023-06-01,Same Day,CUS-054,Vikram Gupta,Corporate,India,Kochi,Kerala,South,PROD-0153,Furniture,Storage Racks,Storage Racks - Plus,86288.41,3,0.1,22525.11
ORD-00176,2024-04-13,2024-04-15,Second Class,CUS-051,Rohan Das,Consumer,India,Hyderabad,Telangana,South,PROD-0077,Furniture,Wall Clocks,Wall Clocks - Lite,43492.62,3,0.15,1042.74
ORD-00177,2024-09-09,2024-09-16,First Class,CUS-023,Deepa Gupta,Corporate,India,Kochi,Kerala,South,PROD-0097,Furniture,Whiteboards,Whiteboards - Lite,44107.46,4,0.2,5024.56
ORD-00178,2024-02-07,2024-02-11,Same Day,CUS-076,Arun Sharma,Consumer,India,Agra,Uttar Pradesh,North,PROD-0182,Office Supplies,Staplers,Staplers - Plus,17201.95,5,0,5802.41
ORD-00179,2024-03-24,2024-03-28,Standard Class,CUS-064,Sanjay Nair,Home Office,India,Chandigarh,Punjab,North,PROD-0115,Technology,Monitors,Monitors - Standard,43223.38,2,0.15,7274.28
ORD-00180,2024-08-19,2024-08-24,First Class,CUS-047,Varun Patel,Consumer,India,Nagpur,Maharashtra,West,PROD-0043,Office Supplies,Correction Fluid,Correction Fluid - Pro,3009.72,1,0,865.65
ORD-00181,2024-07-30,2024-08-06,Second Class,CUS-014,Kiran Gupta,Corporate,India,Ahmedabad,Gujarat,West,PROD-0115,Technology,Smartphones,Smartphones - Lite,106516.64,5,0.2,4082.01
ORD-00182,2024-02-05,2024-02-10,Second Class,CUS-062,Varun Patel,Consumer,India,Hyderabad,Telangana,South,PROD-0090,Technology,Monitors,Monitors - Lite,37950.23,1,0,11554.17
ORD-00183,2023-12-18,2023-12-23,Standard Class,CUS-045,Sanjay Joshi,Corporate,India,Coimbatore,Tamil Nadu,South,PROD-0182,Furniture,Executive Desks,Executive Desks - Pro,69163.7,4,0.1,-143.16
ORD-00184,2023-01-24,2023-01-28,Same Day,CUS-095,Latha Nair,Consumer,India,Noida,Uttar Pradesh,North,PROD-0060,Technology,Smart Watches,Smart Watches - Standard,37009.13,2,0.1,5393.43
ORD-00185,2024-10-06,2024-10-09,Same Day,CUS-056,Usha Gupta,Home Office,India,Mysuru,Karnataka,South,PROD-0002,Furniture,Office Chairs,Office Chairs - Plus,51481.73,2,0.15,5444.64
ORD-00186,2023-07-30,2023-08-03,Same Day,CUS-069,Ravi Gupta,Consumer,India,Agra,Uttar Pradesh,North,PROD-0136,Technology,Keyboards,Keyboards - Lite,125883.64,4,0,18987.71
ORD-00187,2024-09-03,2024-09-08,Second Class,CUS-045,Sanjay Joshi,Consumer,India,Nagpur,Maharashtra,West,PROD-0081,Furniture,Storage Racks,Storage Racks - Pro,62021.81,3,0.2,3050.35
ORD-00188,2023-09-02,2023-09-06,Same Day,CUS-089,Divya Joshi,Corporate,India,Jaipur,Rajasthan,North,PROD-0048,Technology,Smart Watches,Smart Watches - Standard,170854.46,5,0.05,33307.2
ORD-00189,2024-10-12,2024-10-18,First Class,CUS-063,Ananya Singh,Consumer,India,Coimbatore,Tamil Nadu,South,PROD-0003,Furniture,Bookshelves,Bookshelves - Standard,31752.48,4,0.2,-4188.35
ORD-00190,2023-05-20,2023-05-23,Standard Class,CUS-084,Varun Nair,Home Office,India,Nagpur,Maharashtra,West,PROD-0145,Furniture,Desk Lamps,Desk Lamps - Pro,96334.85,4,0.15,7020.98
ORD-00191,2023-08-14,2023-08-18,Standard Class,CUS-069,Ravi Gupta,Consumer,India,Lucknow,Uttar Pradesh,North,PROD-0147,Furniture,Bookshelves,Bookshelves - Pro,135521.41,5,0.15,12504.01
ORD-00192,2023-10-02,2023-10-08,Second Class,CUS-098,Rohan Iyer,Consumer,India,Ranchi,Jharkhand,East,PROD-0077,Office Supplies,Markers,Markers - Pro,11108.52,4,0,3096.13
ORD-00193,2024-04-05,2024-04-09,Same Day,CUS-016,Mohan Verma,Corporate,India,Kolkata,West Bengal,East,PROD-0043,Technology,Printers,Printers - Plus,298667.7,5,0.1,70513.17
ORD-00194,2023-07-31,2023-08-03,First Class,CUS-069,Ravi Gupta,Corporate,India,Agra,Uttar Pradesh,North,PROD-0132,Furniture,Wall Clocks,Wall Clocks - Pro,61922.99,3,0.1,3998.85
ORD-00195,2023-05-19,2023-05-24,Same Day,CUS-017,Suresh Gupta,Home Office,India,Lucknow,Uttar Pradesh,North,PROD-0126,Office Supplies,Staplers,Staplers - Plus,3771.75,3,0.05,935.38
ORD-00196,2024-08-14,2024-08-21,First Class,CUS-049,Suresh Mehta,Corporate,India,Cuttack,Odisha,East,PROD-0178,Furniture,Executive Desks,Executive Desks - Lite,22477.6,1,0.15,1830.35
ORD-00197,2024-04-10,2024-04-15,Same Day,CUS-100,Nikhil Shah,Consumer,India,Ranchi,Jharkhand,East,PROD-0056,Office Supplies,Pens & Pencils,Pens & Pencils - Standard,13253.65,4,0.1,3085.58
ORD-00198,2023-08-05,2023-08-10,Standard Class,CUS-044,Nikhil Gupta,Corporate,India,Patna,Bihar,East,PROD-0012,Office Supplies,Rubber Stamps,Rubber Stamps - Pro,2663.68,4,0.1,655.33
ORD-00199,2024-10-03,2024-10-08,Second Class,CUS-057,Usha Verma,Consumer,India,Delhi,Delhi,North,PROD-0167,Furniture,Office Chairs,Office Chairs - Lite,150852.44,4,0.05,47453.0
ORD-00200,2023-06-12,2023-06-16,First Class,CUS-033,Rahul Joshi,Corporate,India,Noida,Uttar Pradesh,North,PROD-0186,Technology,Keyboards,Keyboards - Plus,111689.26,2,0,20887.26
ORD-00201,2024-03-15,2024-03-22,Same Day,CUS-001,Sanjay Kumar,Consumer,India,Noida,Uttar Pradesh,North,PROD-0003,Technology,Headphones,Headphones - Pro,64655.05,5,0.05,11586.86
ORD-00202,2024-12-13,2024-12-17,First Class,CUS-017,Suresh Gupta,Home Office,India,Chandigarh,Punjab,North,PROD-0077,Furniture,Executive Desks,Executive Desks - Plus,11471.03,1,0,1237.32
ORD-00203,2024-01-27,2024-01-30,Second Class,CUS-073,Varun Das,Home Office,India,Bengaluru,Karnataka,South,PROD-0106,Technology,USB Hubs,USB Hubs - Standard,197285.26,4,0.1,38373.44
ORD-00204,2023-08-11,2023-08-13,Second Class,CUS-076,Arun Sharma,Consumer,India,Jaipur,Rajasthan,North,PROD-0071,Office Supplies,Calculators,Calculators - Pro,6561.07,4,0.1,1411.29
ORD-00205,2023-09-12,2023-09-18,First Class,CUS-085,Latha Bose,Consumer,India,Cuttack,Odisha,East,PROD-0166,Furniture,Filing Cabinets,Filing Cabinets - Pro,105244.42,5,0.05,25692.69
ORD-00206,2023-09-03,2023-09-08,Second Class,CUS-064,Sanjay Nair,Consumer,India,Mumbai,Maharashtra,West,PROD-0100,Office Supplies,Rubber Stamps,Rubber Stamps - Standard,403.16,1,0.1,104.0
ORD-00207,2024-01-10,2024-01-16,Same Day,CUS-003,Pooja Joshi,Consumer,India,Kochi,Kerala,South,PROD-0130,Office Supplies,Pens & Pencils,Pens & Pencils - Lite,335.18,2,0,110.31
ORD-00208,2024-10-05,2024-10-12,Standard Class,CUS-052,Rohan Chopra,Home Office,India,Surat,Gujarat,West,PROD-0131,Technology,Smart Watches,Smart Watches - Plus,84080.14,2,0.1,240.21
ORD-00209,2023-06-09,2023-06-15,Standard Class,CUS-082,Deepa Iyer,Home Office,India,Guwahati,Assam,East,PROD-0112,Office Supplies,Pens & Pencils,Pens & Pencils - Pro,6155.35,4,0.05,295.68
ORD-00210,2024-04-09,2024-04-15,First Class,CUS-095,Latha Nair,Home Office,India,Lucknow,Uttar Pradesh,North,PROD-0134,Office Supplies,Staplers,Staplers - Lite,1370.54,2,0,170.27
ORD-00211,2023-06-20,2023-06-24,First Class,CUS-094,Vikram Chopra,Corporate,India,Mysuru,Karnataka,South,PROD-0183,Technology,Laptops,Laptops - Pro,115634.84,4,0.1,15603.08
ORD-00212,2024-05-23,2024-05-28,Standard Class,CUS-073,Varun Das,Corporate,India,Kolkata,West Bengal,East,PROD-0059,Technology,Keyboards,Keyboards - Pro,15461.06,1,0.2,1198.47
ORD-00213,2023-02-15,2023-02-17,Same Day,CUS-047,Varun Patel,Corporate,India,Bengaluru,Karnataka,South,PROD-0058,Furniture,Bookshelves,Bookshelves - Lite,7697.24,1,0.2,931.76
ORD-00214,2023-09-12,2023-09-17,Standard Class,CUS-074,Ananya Rao,Consumer,India,Patna,Bihar,East,PROD-0103,Furniture,Executive Desks,Executive Desks - Pro,20496.73,1,0.05,1947.4
ORD-00215,2024-04-21,2024-04-25,Second Class,CUS-071,Rekha Kumar,Consumer,India,Patna,Bihar,East,PROD-0119,Furniture,Office Chairs,Office Chairs - Lite,39960.05,3,0.2,4586.26
ORD-00216,2024-08-28,2024-09-02,First Class,CUS-098,Rohan Iyer,Home Office,India,Mysuru,Karnataka,South,PROD-0163,Technology,Tablets,Tablets - Pro,33836.84,4,0,4835.6
ORD-00217,2023-12-10,2023-12-12,Standard Class,CUS-040,Mohan Reddy,Home Office,India,Vadodara,Gujarat,West,PROD-0037,Technology,Printers,Printers - Lite,78449.29,2,0.15,5800.43
ORD-00218,2023-04-06,2023-04-08,Second Class,CUS-090,Priya Joshi,Corporate,India,Coimbatore,Tamil Nadu,South,PROD-0164,Furniture,Storage Racks,Storage Racks - Standard,31246.82,1,0.2,-3679.09
ORD-00219,2023-03-18,2023-03-24,First Class,CUS-017,Suresh Gupta,Home Office,India,Chandigarh,Punjab,North,PROD-0082,Technology,Monitors,Monitors - Standard,68317.94,3,0.15,9580.26
ORD-00220,2023-10-06,2023-10-09,Same Day,CUS-100,Nikhil Shah,Consumer,India,Jaipur,Rajasthan,North,PROD-0031,Office Supplies,Pens & Pencils,Pens & Pencils - Lite,1464.57,2,0.15,96.2
ORD-00221,2023-08-01,2023-08-06,First Class,CUS-016,Mohan Verma,Corporate,India,Guwahati,Assam,East,PROD-0038,Technology,Tablets,Tablets - Pro,158752.75,3,0.2,-21652.08
ORD-00222,2024-12-29,2025-01-01,Same Day,CUS-007,Priya Sharma,Home Office,India,Guwahati,Assam,East,PROD-0143,Office Supplies,Sticky Notes,Sticky Notes - Plus,2749.64,2,0,926.81
ORD-00223,2023-04-07,2023-04-12,Standard Class,CUS-002,Arjun Gupta,Consumer,India,Jaipur,Rajasthan,North,PROD-0150,Technology,Printers,Printers - Lite,62681.4,4,0.1,11512.28
ORD-00224,2023-03-18,2023-03-20,Same Day,CUS-057,Usha Verma,Home Office,India,Jaipur,Rajasthan,North,PROD-0013,Technology,Smartphones,Smartphones - Plus,219496.83,3,0,20090.11
ORD-00225,2024-08-10,2024-08-15,Same Day,CUS-049,Suresh Mehta,Consumer,India,Surat,Gujarat,West,PROD-0039,Office Supplies,Calculators,Calculators - Pro,1798.84,2,0.05,197.39
ORD-00226,2024-09-20,2024-09-26,Same Day,CUS-064,Sanjay Nair,Corporate,India,Mysuru,Karnataka,South,PROD-0052,Furniture,Ergonomic Stands,Ergonomic Stands - Plus,18651.73,1,0.1,1728.69
ORD-00227,2024-10-07,2024-10-13,Same Day,CUS-046,Rekha Das,Home Office,India,Chandigarh,Punjab,North,PROD-0070,Furniture,Ergonomic Stands,Ergonomic Stands - Plus,76591.44,3,0.2,1497.95
ORD-00228,2023-01-27,2023-01-31,Standard Class,CUS-008,Rahul Iyer,Corporate,India,Bengaluru,Karnataka,South,PROD-0064,Furniture,Ergonomic Stands,Ergonomic Stands - Plus,77068.85,5,0.05,23767.59
ORD-00229,2023-09-30,2023-10-06,First Class,CUS-050,Amit Reddy,Home Office,India,Jaipur,Rajasthan,North,PROD-0152,Furniture,Bookshelves,Bookshelves - Pro,42820.69,5,0.1,9405.17
ORD-00230,2024-12-21,2024-12-28,Same Day,CUS-019,Varun Das,Home Office,India,Ranchi,Jharkhand,East,PROD-0010,Office Supplies,Paper Reams,Paper Reams - Pro,13439.39,4,0.2,-614.11
ORD-00231,2023-02-27,2023-03-02,Second Class,CUS-062,Varun Patel,Home Office,India,Bengaluru,Karnataka,South,PROD-0083,Technology,Keyboards,Keyboards - Pro,140768.21,2,0.05,18078.33
ORD-00232,2023-01-23,2023-01-26,First Class,CUS-047,Varun Patel,Home Office,India,Bengaluru,Karnataka,South,PROD-0083,Technology,Keyboards,Keyboards - Plus,187925.57,4,0.2,-21780.88
ORD-00233,2023-06-11,2023-06-18,Second Class,CUS-084,Varun Nair,Corporate,India,Vadodara,Gujarat,West,PROD-0171,Furniture,Bookshelves,Bookshelves - Plus,116663.08,5,0.2,13487.39
ORD-00234,2024-01-23,2024-01-27,First Class,CUS-094,Vikram Chopra,Consumer,India,Bhubaneswar,Odisha,East,PROD-0157,Technology,USB Hubs,USB Hubs - Plus,180976.5,5,0,23375.3
ORD-00235,2024-10-16,2024-10-22,Standard Class,CUS-043,Sneha Pillai,Consumer,India,Chandigarh,Punjab,North,PROD-0182,Office Supplies,Pens & Pencils,Pens & Pencils - Lite,3608.61,3,0.05,766.43
ORD-00236,2024-04-02,2024-04-04,Same Day,CUS-089,Divya Joshi,Consumer,India,Bhubaneswar,Odisha,East,PROD-0188,Technology,Keyboards,Keyboards - Standard,26479.37,1,0,2462.58
ORD-00237,2023-06-20,2023-06-25,Standard Class,CUS-070,Latha Sharma,Corporate,India,Surat,Gujarat,West,PROD-0009,Furniture,Executive Desks,Executive Desks - Lite,159912.83,5,0.05,12442.44
ORD-00238,2023-01-21,2023-01-25,Standard Class,CUS-044,Nikhil Gupta,Consumer,India,Kolkata,West Bengal,East,PROD-0087,Technology,Webcams,Webcams - Standard,15668.1,1,0.2,2630.19
ORD-00239,2024-12-22,2024-12-24,Same Day,CUS-078,Ravi Nair,Consumer,India,Vadodara,Gujarat,West,PROD-0179,Furniture,Bookshelves,Bookshelves - Lite,14197.45,3,0.05,4380.1
ORD-00240,2024-11-07,2024-11-11,Standard Class,CUS-007,Priya Sharma,Consumer,India,Bhubaneswar,Odisha,East,PROD-0110,Furniture,Wall Clocks,Wall Clocks - Pro,88682.58,4,0.05,4174.27
ORD-00241,2023-10-29,2023-11-05,First Class,CUS-004,Vikram Kumar,Consumer,India,Pune,Maharashtra,West,PROD-0102,Technology,Tablets,Tablets - Standard,45857.27,1,0.15,8514.22
ORD-00242,2024-05-15,2024-05-22,Standard Class,CUS-070,Latha Sharma,Home Office,India,Kolkata,West Bengal,East,PROD-0068,Furniture,Bookshelves,Bookshelves - Standard,60219.94,4,0.1,2032.58
ORD-00243,2024-04-21,2024-04-25,Second Class,CUS-008,Rahul Iyer,Home Office,India,Hyderabad,Telangana,South,PROD-0142,Technology,Smartphones,Smartphones - Pro,34010.23,3,0.2,-349.61
ORD-00244,2024-02-01,2024-02-07,Standard Class,CUS-061,Sunita Reddy,Home Office,India,Nagpur,Maharashtra,West,PROD-0129,Office Supplies,Paper Reams,Paper Reams - Plus,2068.64,1,0.15,422.85
ORD-00245,2023-05-04,2023-05-09,Second Class,CUS-025,Latha Kumar,Consumer,India,Chennai,Tamil Nadu,South,PROD-0153,Technology,Laptops,Laptops - Lite,146235.36,4,0.05,46066.09
ORD-00246,2023-11-24,2023-12-01,Standard Class,CUS-072,Rekha Gupta,Corporate,India,Delhi,Delhi,North,PROD-0180,Furniture,Ergonomic Stands,Ergonomic Stands - Standard,36160.06,3,0.2,167.35
ORD-00247,2023-04-26,2023-05-01,First Class,CUS-076,Arun Sharma,Home Office,India,Chennai,Tamil Nadu,South,PROD-0106,Office Supplies,Pens & Pencils,Pens & Pencils - Lite,23160.75,5,0,6766.44
ORD-00248,2024-01-28,2024-02-04,Same Day,CUS-061,Sunita Reddy,Home Office,India,Nagpur,Maharashtra,West,PROD-0010,Technology,Tablets,Tablets - Standard,44527.71,2,0.2,2467.78
ORD-00249,2023-12-06,2023-12-13,Same Day,CUS-061,Sunita Reddy,Home Office,India,Bengaluru,Karnataka,South,PROD-0179,Furniture,Whiteboards,Whiteboards - Pro,10121.27,3,0.1,626.32
ORD-00250,2023-08-22,2023-08-25,Second Class,CUS-100,Nikhil Shah,Corporate,India,Cuttack,Odisha,East,PROD-0105,Furniture,Conference Tables,Conference Tables - Standard,149827.9,5,0,19588.89
ORD-00251,2024-06-12,2024-06-16,Second Class,CUS-009,Pooja Bose,Consumer,India,Agra,Uttar Pradesh,North,PROD-0052,Furniture,Ergonomic Stands,Ergonomic Stands - Pro,71701.0,5,0.2,-10054.63
ORD-00252,2023-09-13,2023-09-15,Standard Class,CUS-091,Kiran Reddy,Corporate,India,Mumbai,Maharashtra,West,PROD-0175,Technology,Monitors,Monitors - Pro,110468.29,4,0.2,-1771.03
ORD-00253,2023-09-05,2023-09-09,First Class,CUS-023,Deepa Gupta,Corporate,India,Nagpur,Maharashtra,West,PROD-0192,Furniture,Wall Clocks,Wall Clocks - Pro,66688.15,3,0.05,17982.39
ORD-00254,2023-10-19,2023-10-21,Standard Class,CUS-074,Ananya Rao,Consumer,India,Mumbai,Maharashtra,West,PROD-0200,Technology,Printers,Printers - Pro,98300.43,2,0.1,17030.94
ORD-00255,2024-04-30,2024-05-03,Same Day,CUS-029,Kiran Iyer,Consumer,India,Coimbatore,Tamil Nadu,South,PROD-0090,Furniture,Wall Clocks,Wall Clocks - Standard,88528.06,3,0.1,9288.35
ORD-00256,2023-09-16,2023-09-19,First Class,CUS-067,Nikhil Mehta,Home Office,India,Ahmedabad,Gujarat,West,PROD-0144,Office Supplies,Calculators,Calculators - Lite,2371.19,1,0.2,444.14
ORD-00257,2023-11-02,2023-11-09,Second Class,CUS-044,Nikhil Gupta,Consumer,India,Chandigarh,Punjab,North,PROD-0015,Furniture,Whiteboards,Whiteboards - Standard,94163.01,3,0.1,3228.45
ORD-00258,2024-11-07,2024-11-11,Standard Class,CUS-084,Varun Nair,Consumer,India,Mysuru,Karnataka,South,PROD-0150,Furniture,Conference Tables,Conference Tables - Plus,42835.82,4,0.15,1755.47
ORD-00259,2023-12-18,2023-12-25,Standard Class,CUS-082,Deepa Iyer,Home Office,India,Mysuru,Karnataka,South,PROD-0121,Furniture,Whiteboards,Whiteboards - Plus,34833.04,2,0.2,-3095.5
ORD-00260,2023-09-22,2023-09-29,First Class,CUS-084,Varun Nair,Corporate,India,Mysuru,Karnataka,South,PROD-0096,Technology,Printers,Printers - Lite,85630.02,3,0.15,14384.27
ORD-00261,2024-08-22,2024-08-26,Second Class,CUS-007,Priya Sharma,Corporate,India,Mumbai,Maharashtra,West,PROD-0129,Office Supplies,Rubber Stamps,Rubber Stamps - Pro,14717.65,5,0,3053.9
ORD-00262,2024-11-28,2024-12-03,Second Class,CUS-020,Ananya Reddy,Consumer,India,Guwahati,Assam,East,PROD-0200,Technology,Printers,Printers - Pro,138856.98,5,0.15,-5118.02
ORD-00263,2024-05-14,2024-05-18,Same Day,CUS-008,Rahul Iyer,Home Office,India,Hyderabad,Telangana,South,PROD-0196,Technology,Headphones,Headphones - Pro,44310.42,2,0.2,4786.11
ORD-00264,2023-05-13,2023-05-19,First Class,CUS-052,Rohan Chopra,Corporate,India,Vadodara,Gujarat,West,PROD-0004,Furniture,Storage Racks,Storage Racks - Lite,13746.17,1,0.2,-1136.78
ORD-00265,2024-06-27,2024-06-30,Same Day,CUS-081,Sanjay Bose,Consumer,India,Noida,Uttar Pradesh,North,PROD-0129,Office Supplies,Paper Reams,Paper Reams - Lite,3263.49,3,0.1,53.71
ORD-00266,2023-06-21,2023-06-23,Second Class,CUS-059,Kavya Joshi,Corporate,India,Lucknow,Uttar Pradesh,North,PROD-0088,Office Supplies,Correction Fluid,Correction Fluid - Standard,7706.64,3,0.15,1539.09
ORD-00267,2024-01-03,2024-01-06,Standard Class,CUS-030,Mohan Reddy,Consumer,India,Kochi,Kerala,South,PROD-0094,Technology,Tablets,Tablets - Pro,18564.56,1,0.2,377.12
ORD-00268,2024-01-20,2024-01-27,Same Day,CUS-007,Priya Sharma,Home Office,India,Ranchi,Jharkhand,East,PROD-0114,Office Supplies,Notebooks,Notebooks - Standard,3343.65,1,0,890.19
ORD-00269,2023-05-07,2023-05-13,Second Class,CUS-020,Ananya Reddy,Home Office,India,Guwahati,Assam,East,PROD-0108,Technology,Laptops,Laptops - Pro,23744.3,1,0.2,-1398.13
ORD-00270,2024-06-07,2024-06-14,First Class,CUS-014,Kiran Gupta,Consumer,India,Lucknow,Uttar Pradesh,North,PROD-0181,Furniture,Filing Cabinets,Filing Cabinets - Standard,61279.37,3,0.2,10933.95
ORD-00271,2023-10-30,2023-11-02,Standard Class,CUS-027,Latha Rao,Corporate,India,Agra,Uttar Pradesh,North,PROD-0147,Office Supplies,Markers,Markers - Standard,1719.96,1,0,449.5
ORD-00272,2023-06-02,2023-06-04,Standard Class,CUS-013,Pooja Pillai,Home Office,India,Noida,Uttar Pradesh,North,PROD-0045,Furniture,Filing Cabinets,Filing Cabinets - Pro,53729.46,3,0.1,6289.62
ORD-00273,2023-10-25,2023-10-29,Same Day,CUS-015,Arjun Nair,Home Office,India,Guwahati,Assam,East,PROD-0160,Technology,Laptops,Laptops - Lite,16523.18,2,0.05,2065.2
ORD-00274,2023-04-06,2023-04-10,Second Class,CUS-052,Rohan Chopra,Consumer,India,Bhubaneswar,Odisha,East,PROD-0029,Furniture,Storage Racks,Storage Racks - Plus,44396.59,4,0.15,7624.34
ORD-00275,2024-12-13,2024-12-20,First Class,CUS-054,Vikram Gupta,Consumer,India,Jaipur,Rajasthan,North,PROD-0157,Office Supplies,Markers,Markers - Pro,15318.18,4,0.05,3145.18
ORD-00276,2024-12-01,2024-12-08,Second Class,CUS-015,Arjun Nair,Corporate,India,Kochi,Kerala,South,PROD-0172,Furniture,Storage Racks,Storage Racks - Lite,12692.65,3,0.1,-234.99
ORD-00277,2024-06-15,2024-06-21,Standard Class,CUS-094,Vikram Chopra,Home Office,India,Chandigarh,Punjab,North,PROD-0003,Technology,Headphones,Headphones - Plus,124997.05,4,0.05,33754.32
ORD-00278,2024-06-01,2024-06-06,Same Day,CUS-097,Deepa Verma,Consumer,India,Pune,Maharashtra,West,PROD-0104,Furniture,Whiteboards,Whiteboards - Plus,35739.0,3,0,7750.75
ORD-00279,2023-03-22,2023-03-27,Same Day,CUS-012,Mohan Verma,Corporate,India,Nagpur,Maharashtra,West,PROD-0010,Furniture,Storage Racks,Storage Racks - Pro,58777.12,4,0,6331.1
ORD-00280,2023-04-04,2023-04-10,Same Day,CUS-027,Latha Rao,Home Office,India,Ranchi,Jharkhand,East,PROD-0085,Office Supplies,Markers,Markers - Standard,14270.22,3,0,4287.9
ORD-00281,2024-11-03,2024-11-07,First Class,CUS-098,Rohan Iyer,Consumer,India,Mumbai,Maharashtra,West,PROD-0180,Office Supplies,Paper Reams,Paper Reams - Pro,299.08,3,0.1,42.49
ORD-00282,2023-02-16,2023-02-19,Same Day,CUS-096,Amit Bose,Home Office,India,Pune,Maharashtra,West,PROD-0056,Office Supplies,Calculators,Calculators - Standard,2964.52,5,0.05,251.63
ORD-00283,2023-07-15,2023-07-22,Second Class,CUS-006,Kiran Verma,Corporate,India,Kolkata,West Bengal,East,PROD-0128,Office Supplies,Rubber Stamps,Rubber Stamps - Pro,2392.82,4,0.15,303.42
ORD-00284,2024-06-27,2024-07-04,Second Class,CUS-075,Meena Nair,Corporate,India,Agra,Uttar Pradesh,North,PROD-0027,Furniture,Ergonomic Stands,Ergonomic Stands - Standard,51040.03,2,0.2,-4664.7
ORD-00285,2024-11-04,2024-11-10,Second Class,CUS-054,Vikram Gupta,Corporate,India,Ranchi,Jharkhand,East,PROD-0036,Office Supplies,Paper Reams,Paper Reams - Standard,3889.67,3,0.1,441.99
ORD-00286,2024-09-08,2024-09-15,First Class,CUS-041,Deepa Nair,Home Office,India,Cuttack,Odisha,East,PROD-0176,Office Supplies,Correction Fluid,Correction Fluid - Lite,6079.35,2,0.05,1270.43
ORD-00287,2024-11-19,2024-11-22,Same Day,CUS-089,Divya Joshi,Home Office,India,Coimbatore,Tamil Nadu,South,PROD-0173,Office Supplies,Folders & Binders,Folders & Binders - Lite,8593.75,3,0.2,104.2
ORD-00288,2024-03-08,2024-03-10,Second Class,CUS-019,Varun Das,Corporate,India,Delhi,Delhi,North,PROD-0016,Technology,Laptops,Laptops - Lite,40307.35,2,0.1,7367.98
ORD-00289,2023-07-28,2023-08-03,First Class,CUS-014,Kiran Gupta,Corporate,India,Lucknow,Uttar Pradesh,North,PROD-0178,Office Supplies,Correction Fluid,Correction Fluid - Pro,18435.31,5,0.15,-126.86
ORD-00290,2024-01-26,2024-01-31,Same Day,CUS-071,Rekha Kumar,Corporate,India,Vadodara,Gujarat,West,PROD-0058,Technology,Laptops,Laptops - Lite,98470.78,2,0.2,14104.65
ORD-00291,2024-08-25,2024-08-31,Standard Class,CUS-038,Kavya Iyer,Consumer,India,Mysuru,Karnataka,South,PROD-0097,Furniture,Bookshelves,Bookshelves - Pro,37418.38,1,0.05,11417.27
ORD-00292,2024-03-14,2024-03-18,First Class,CUS-075,Meena Nair,Consumer,India,Bhubaneswar,Odisha,East,PROD-0153,Furniture,Office Chairs,Office Chairs - Pro,30461.64,2,0,3701.09
ORD-00293,2024-10-02,2024-10-08,Second Class,CUS-071,Rekha Kumar,Home Office,India,Guwahati,Assam,East,PROD-0134,Furniture,Executive Desks,Executive Desks - Pro,76821.98,3,0.2,-5820.25
ORD-00294,2024-06-01,2024-06-04,First Class,CUS-052,Rohan Chopra,Home Office,India,Nagpur,Maharashtra,West,PROD-0056,Technology,Keyboards,Keyboards - Standard,43067.27,2,0.1,3320.39
ORD-00295,2024-07-28,2024-08-04,Standard Class,CUS-045,Sanjay Joshi,Home Office,India,Delhi,Delhi,North,PROD-0175,Furniture,Filing Cabinets,Filing Cabinets - Lite,145865.48,5,0.2,-9876.31
ORD-00296,2024-01-26,2024-01-28,Same Day,CUS-093,Rahul Singh,Home Office,India,Ahmedabad,Gujarat,West,PROD-0125,Furniture,Office Chairs,Office Chairs - Pro,88126.63,3,0.2,10658.97
ORD-00297,2023-10-31,2023-11-07,Standard Class,CUS-011,Latha Iyer,Home Office,India,Hyderabad,Telangana,South,PROD-0054,Technology,Tablets,Tablets - Plus,311829.08,5,0.2,-46002.87
ORD-00298,2024-12-02,2024-12-07,First Class,CUS-090,Priya Joshi,Home Office,India,Jaipur,Rajasthan,North,PROD-0010,Office Supplies,Calculators,Calculators - Pro,3104.74,1,0.05,119.0
ORD-00299,2023-03-17,2023-03-19,Same Day,CUS-010,Deepa Sharma,Home Office,India,Hyderabad,Telangana,South,PROD-0111,Office Supplies,Paper Reams,Paper Reams - Lite,15517.02,4,0.15,945.7
ORD-00300,2023-01-18,2023-01-23,Standard Class,CUS-083,Vikram Shah,Consumer,India,Agra,Uttar Pradesh,North,PROD-0092,Office Supplies,Rubber Stamps,Rubber Stamps - Pro,2049.3,5,0,551.75
ORD-00301,2023-10-24,2023-10-31,Second Class,CUS-037,Sneha Shah,Consumer,India,Ranchi,Jharkhand,East,PROD-0035,Furniture,Desk Lamps,Desk Lamps - Standard,14976.31,1,0.15,-489.68
ORD-00302,2024-07-12,2024-07-16,Second Class,CUS-094,Vikram Chopra,Home Office,India,Hyderabad,Telangana,South,PROD-0032,Office Supplies,Folders & Binders,Folders & Binders - Pro,3832.98,1,0.2,556.68
ORD-00303,2023-01-06,2023-01-12,Second Class,CUS-011,Latha Iyer,Home Office,India,Nagpur,Maharashtra,West,PROD-0042,Furniture,Filing Cabinets,Filing Cabinets - Plus,87457.86,3,0.05,13018.95
ORD-00304,2023-08-15,2023-08-21,Standard Class,CUS-024,Priya Pillai,Consumer,India,Bhubaneswar,Odisha,East,PROD-0075,Office Supplies,Rubber Stamps,Rubber Stamps - Pro,18173.13,5,0.15,2224.86
ORD-00305,2023-09-14,2023-09-16,Standard Class,CUS-063,Ananya Singh,Home Office,India,Mysuru,Karnataka,South,PROD-0050,Furniture,Whiteboards,Whiteboards - Lite,15487.92,2,0,2431.4
ORD-00306,2024-05-12,2024-05-17,Same Day,CUS-040,Mohan Reddy,Home Office,India,Ranchi,Jharkhand,East,PROD-0044,Office Supplies,Rubber Stamps,Rubber Stamps - Pro,3810.33,5,0.1,838.61
ORD-00307,2023-11-17,2023-11-20,Same Day,CUS-083,Vikram Shah,Home Office,India,Mysuru,Karnataka,South,PROD-0115,Furniture,Conference Tables,Conference Tables - Lite,61351.33,2,0.1,14794.48
ORD-00308,2023-11-09,2023-11-14,Standard Class,CUS-078,Ravi Nair,Home Office,India,Jaipur,Rajasthan,North,PROD-0187,Technology,Monitors,Monitors - Pro,111723.81,2,0.2,-9351.75
ORD-00309,2023-01-20,2023-01-26,Same Day,CUS-052,Rohan Chopra,Home Office,India,Agra,Uttar Pradesh,North,PROD-0168,Office Supplies,Paper Reams,Paper Reams - Plus,20434.01,5,0.1,2877.49
ORD-00310,2024-01-10,2024-01-15,Standard Class,CUS-038,Kavya Iyer,Home Office,India,Coimbatore,Tamil Nadu,South,PROD-0170,Technology,Headphones,Headphones - Plus,37468.74,1,0.15,1245.01
ORD-00311,2024-09-20,2024-09-27,Same Day,CUS-058,Kiran Mehta,Consumer,India,Coimbatore,Tamil Nadu,South,PROD-0092,Technology,Tablets,Tablets - Pro,231694.17,5,0.05,55776.92
ORD-00312,2023-08-13,2023-08-18,Same Day,CUS-048,Pooja Patel,Corporate,India,Bengaluru,Karnataka,South,PROD-0012,Technology,Laptops,Laptops - Pro,252621.72,5,0.1,23798.41
ORD-00313,2024-10-26,2024-10-30,Same Day,CUS-082,Deepa Iyer,Home Office,India,Noida,Uttar Pradesh,North,PROD-0094,Furniture,Conference Tables,Conference Tables - Pro,115944.46,5,0.05,16073.33
ORD-00314,2024-06-13,2024-06-17,Second Class,CUS-052,Rohan Chopra,Home Office,India,Pune,Maharashtra,West,PROD-0113,Furniture,Whiteboards,Whiteboards - Plus,67244.42,4,0.2,-9936.93
ORD-00315,2023-08-24,2023-08-26,First Class,CUS-024,Priya Pillai,Consumer,India,Bhubaneswar,Odisha,East,PROD-0185,Technology,Keyboards,Keyboards - Pro,48778.19,1,0.05,7288.27
ORD-00316,2024-05-08,2024-05-15,Second Class,CUS-076,Arun Sharma,Consumer,India,Surat,Gujarat,West,PROD-0035,Technology,Webcams,Webcams - Pro,9135.3,1,0.05,1777.45
ORD-00317,2024-08-09,2024-08-12,First Class,CUS-024,Priya Pillai,Corporate,India,Jaipur,Rajasthan,North,PROD-0022,Office Supplies,Calculators,Calculators - Plus,15184.25,5,0,4816.41
ORD-00318,2024-04-04,2024-04-10,First Class,CUS-029,Kiran Iyer,Consumer,India,Surat,Gujarat,West,PROD-0043,Furniture,Wall Clocks,Wall Clocks - Lite,39331.66,5,0.05,8208.61
ORD-00319,2024-04-09,2024-04-15,Second Class,CUS-050,Amit Reddy,Corporate,India,Jaipur,Rajasthan,North,PROD-0156,Technology,Smartphones,Smartphones - Pro,36770.04,5,0.2,2977.42
ORD-00320,2023-07-01,2023-07-06,Standard Class,CUS-097,Deepa Verma,Home Office,India,Agra,Uttar Pradesh,North,PROD-0199,Technology,Smartphones,Smartphones - Standard,68354.16,2,0.2,2187.95
ORD-00321,2024-06-18,2024-06-23,Standard Class,CUS-068,Deepa Pillai,Home Office,India,Kolkata,West Bengal,East,PROD-0109,Furniture,Filing Cabinets,Filing Cabinets - Plus,128253.44,4,0.15,3717.81
ORD-00322,2023-09-18,2023-09-23,Standard Class,CUS-077,Usha Gupta,Corporate,India,Bengaluru,Karnataka,South,PROD-0134,Office Supplies,Calculators,Calculators - Pro,1363.24,1,0,321.8
ORD-00323,2024-01-20,2024-01-27,Same Day,CUS-053,Nikhil Pillai,Corporate,India,Mysuru,Karnataka,South,PROD-0145,Furniture,Executive Desks,Executive Desks - Lite,39270.64,5,0.1,2205.78
ORD-00324,2024-09-18,2024-09-22,First Class,CUS-071,Rekha Kumar,Corporate,India,Pune,Maharashtra,West,PROD-0148,Office Supplies,Markers,Markers - Lite,3902.92,5,0.2,51.79
ORD-00325,2024-12-23,2024-12-28,Same Day,CUS-096,Amit Bose,Consumer,India,Mysuru,Karnataka,South,PROD-0087,Technology,Headphones,Headphones - Pro,128767.74,2,0,17757.55
ORD-00326,2023-06-14,2023-06-19,Standard Class,CUS-061,Sunita Reddy,Consumer,India,Delhi,Delhi,North,PROD-0186,Office Supplies,Calculators,Calculators - Standard,1515.89,3,0.05,207.64
ORD-00327,2024-02-15,2024-02-21,Standard Class,CUS-008,Rahul Iyer,Home Office,India,Cuttack,Odisha,East,PROD-0154,Technology,Headphones,Headphones - Plus,63369.58,2,0.2,-3388.55
ORD-00328,2024-09-21,2024-09-24,Same Day,CUS-084,Varun Nair,Consumer,India,Lucknow,Uttar Pradesh,North,PROD-0104,Technology,Tablets,Tablets - Plus,36344.33,3,0.15,1083.68
ORD-00329,2024-06-14,2024-06-16,First Class,CUS-037,Sneha Shah,Home Office,India,Delhi,Delhi,North,PROD-0058,Office Supplies,Correction Fluid,Correction Fluid - Plus,12375.56,3,0.1,3301.35
ORD-00330,2024-04-10,2024-04-15,Standard Class,CUS-053,Nikhil Pillai,Consumer,India,Lucknow,Uttar Pradesh,North,PROD-0132,Office Supplies,Pens & Pencils,Pens & Pencils - Lite,12767.81,5,0.1,1018.46
ORD-00331,2024-07-04,2024-07-10,Standard Class,CUS-049,Suresh Mehta,Corporate,India,Cuttack,Odisha,East,PROD-0124,Office Supplies,Markers,Markers - Pro,9875.74,3,0.15,1324.87
ORD-00332,2023-09-22,2023-09-24,Standard Class,CUS-087,Sunita Sharma,Consumer,India,Vadodara,Gujarat,West,PROD-0180,Office Supplies,Paper Reams,Paper Reams - Lite,14474.84,4,0.1,1921.23
ORD-00333,2023-09-12,2023-09-16,Second Class,CUS-096,Amit Bose,Home Office,India,Chandigarh,Punjab,North,PROD-0147,Furniture,Executive Desks,Executive Desks - Lite,39981.3,2,0.15,693.59
ORD-00334,2023-07-07,2023-07-14,Second Class,CUS-026,Nikhil Reddy,Home Office,India,Kochi,Kerala,South,PROD-0159,Technology,Printers,Printers - Lite,134591.17,2,0.05,12006.52
ORD-00335,2023-06-09,2023-06-11,First Class,CUS-085,Latha Bose,Home Office,India,Delhi,Delhi,North,PROD-0159,Furniture,Wall Clocks,Wall Clocks - Lite,16225.4,5,0,5013.05
ORD-00336,2024-05-19,2024-05-25,Same Day,CUS-098,Rohan Iyer,Consumer,India,Guwahati,Assam,East,PROD-0123,Office Supplies,Sticky Notes,Sticky Notes - Pro,9735.65,5,0.05,457.27
ORD-00337,2024-05-29,2024-06-02,Same Day,CUS-059,Kavya Joshi,Consumer,India,Vadodara,Gujarat,West,PROD-0149,Technology,Smart Watches,Smart Watches - Pro,41125.08,1,0,10775.09
ORD-00338,2023-11-30,2023-12-04,Same Day,CUS-034,Ananya Mehta,Home Office,India,Bhubaneswar,Odisha,East,PROD-0109,Technology,Monitors,Monitors - Plus,188715.92,5,0.1,16523.03
ORD-00339,2024-03-05,2024-03-12,First Class,CUS-036,Sanjay Shah,Corporate,India,Patna,Bihar,East,PROD-0061,Furniture,Bookshelves,Bookshelves - Standard,114675.26,5,0.05,30157.36
ORD-00340,2024-01-26,2024-01-29,First Class,CUS-061,Sunita Reddy,Consumer,India,Mysuru,Karnataka,South,PROD-0125,Technology,Tablets,Tablets - Lite,61359.18,2,0.2,1854.22
ORD-00341,2023-09-14,2023-09-20,Standard Class,CUS-089,Divya Joshi,Consumer,India,Chandigarh,Punjab,North,PROD-0116,Technology,Laptops,Laptops - Lite,59959.81,3,0.15,11041.24
ORD-00342,2023-09-24,2023-09-28,Second Class,CUS-033,Rahul Joshi,Home Office,India,Ranchi,Jharkhand,East,PROD-0200,Furniture,Office Chairs,Office Chairs - Lite,43764.36,3,0.2,-3625.95
ORD-00343,2023-12-30,2024-01-03,First Class,CUS-011,Latha Iyer,Corporate,India,Vadodara,Gujarat,West,PROD-0108,Furniture,Wall Clocks,Wall Clocks - Standard,25842.6,2,0.05,5520.98
ORD-00344,2023-03-15,2023-03-17,Same Day,CUS-041,Deepa Nair,Consumer,India,Hyderabad,Telangana,South,PROD-0200,Furniture,Conference Tables,Conference Tables - Lite,124465.67,5,0.15,473.99
ORD-00345,2024-08-24,2024-08-30,Same Day,CUS-024,Priya Pillai,Consumer,India,Surat,Gujarat,West,PROD-0027,Technology,Tablets,Tablets - Pro,181198.83,3,0,24797.84
ORD-00346,2023-03-07,2023-03-12,Same Day,CUS-068,Deepa Pillai,Corporate,India,Delhi,Delhi,North,PROD-0080,Technology,Smartphones,Smartphones - Plus,53793.12,2,0,13814.33
ORD-00347,2023-09-11,2023-09-18,First Class,CUS-017,Suresh Gupta,Home Office,India,Guwahati,Assam,East,PROD-0122,Technology,Smart Watches,Smart Watches - Standard,68373.28,1,0,17719.5
ORD-00348,2024-07-07,2024-07-11,First Class,CUS-070,Latha Sharma,Home Office,India,Pune,Maharashtra,West,PROD-0089,Technology,USB Hubs,USB Hubs - Standard,216860.75,5,0.15,18199.5
ORD-00349,2024-07-06,2024-07-09,Second Class,CUS-047,Varun Patel,Corporate,India,Chandigarh,Punjab,North,PROD-0089,Furniture,Conference Tables,Conference Tables - Lite,8761.55,1,0,1938.89
ORD-00350,2024-04-25,2024-05-01,Standard Class,CUS-097,Deepa Verma,Corporate,India,Noida,Uttar Pradesh,North,PROD-0141,Furniture,Conference Tables,Conference Tables - Lite,12016.48,4,0.1,1885.13
ORD-00351,2023-07-13,2023-07-18,Second Class,CUS-021,Nikhil Kumar,Consumer,India,Surat,Gujarat,West,PROD-0133,Office Supplies,Calculators,Calculators - Lite,7486.72,2,0.1,11.53
ORD-00352,2023-10-19,2023-10-26,Same Day,CUS-009,Pooja Bose,Consumer,India,Guwahati,Assam,East,PROD-0049,Technology,Tablets,Tablets - Lite,92322.75,4,0.2,259.33
ORD-00353,2023-01-20,2023-01-23,Second Class,CUS-024,Priya Pillai,Consumer,India,Agra,Uttar Pradesh,North,PROD-0004,Technology,Monitors,Monitors - Standard,109528.2,4,0,15647.07
ORD-00354,2023-08-11,2023-08-15,Same Day,CUS-048,Pooja Patel,Corporate,India,Ahmedabad,Gujarat,West,PROD-0019,Furniture,Office Chairs,Office Chairs - Standard,30438.4,2,0,4625.3
ORD-00355,2023-07-05,2023-07-08,Standard Class,CUS-016,Mohan Verma,Consumer,India,Guwahati,Assam,East,PROD-0051,Office Supplies,Paper Reams,Paper Reams - Standard,7544.94,4,0.05,1819.98
ORD-00356,2023-04-07,2023-04-13,First Class,CUS-088,Ananya Shah,Corporate,India,Kochi,Kerala,South,PROD-0124,Furniture,Whiteboards,Whiteboards - Lite,7094.9,1,0.2,183.14
ORD-00357,2023-07-23,2023-07-27,Same Day,CUS-015,Arjun Nair,Consumer,India,Noida,Uttar Pradesh,North,PROD-0063,Technology,Webcams,Webcams - Pro,56456.95,2,0.1,8648.46
ORD-00358,2023-02-13,2023-02-19,First Class,CUS-020,Ananya Reddy,Home Office,India,Vadodara,Gujarat,West,PROD-0195,Furniture,Executive Desks,Executive Desks - Pro,48810.88,4,0,12944.89
ORD-00359,2023-03-03,2023-03-07,Same Day,CUS-014,Kiran Gupta,Home Office,India,Mysuru,Karnataka,South,PROD-0188,Technology,Headphones,Headphones - Plus,111386.57,5,0.1,24442.15
ORD-00360,2023-01-22,2023-01-29,Same Day,CUS-018,Vikram Iyer,Home Office,India,Ahmedabad,Gujarat,West,PROD-0049,Furniture,Office Chairs,Office Chairs - Plus,67059.78,4,0.2,-3388.79
ORD-00361,2024-07-10,2024-07-14,First Class,CUS-036,Sanjay Shah,Corporate,India,Cuttack,Odisha,East,PROD-0139,Office Supplies,Correction Fluid,Correction Fluid - Lite,4206.98,5,0.05,670.17
ORD-00362,2024-04-09,2024-04-11,Same Day,CUS-003,Pooja Joshi,Consumer,India,Vadodara,Gujarat,West,PROD-0049,Office Supplies,Folders & Binders,Folders & Binders - Standard,7024.46,2,0.1,1363.3
ORD-00363,2024-07-18,2024-07-21,Second Class,CUS-083,Vikram Shah,Corporate,India,Patna,Bihar,East,PROD-0046,Furniture,Executive Desks,Executive Desks - Pro,6561.48,1,0,2004.55
ORD-00364,2023-07-26,2023-07-28,First Class,CUS-005,Rekha Reddy,Consumer,India,Pune,Maharashtra,West,PROD-0013,Office Supplies,Calculators,Calculators - Lite,13295.24,5,0.2,1152.61
ORD-00365,2023-08-15,2023-08-21,Same Day,CUS-084,Varun Nair,Consumer,India,Delhi,Delhi,North,PROD-0095,Furniture,Executive Desks,Executive Desks - Pro,18286.37,1,0.1,2654.88
ORD-00366,2024-09-23,2024-09-27,Same Day,CUS-039,Rekha Gupta,Consumer,India,Noida,Uttar Pradesh,North,PROD-0049,Technology,Printers,Printers - Plus,77162.25,1,0,21281.07
ORD-00367,2024-06-22,2024-06-29,Same Day,CUS-023,Deepa Gupta,Home Office,India,Coimbatore,Tamil Nadu,South,PROD-0180,Office Supplies,Correction Fluid,Correction Fluid - Standard,1707.52,1,0.2,-49.84
ORD-00368,2023-04-17,2023-04-20,First Class,CUS-065,Rekha Verma,Corporate,India,Coimbatore,Tamil Nadu,South,PROD-0141,Furniture,Bookshelves,Bookshelves - Lite,96705.86,5,0.15,20712.16
ORD-00369,2024-01-16,2024-01-21,First Class,CUS-078,Ravi Nair,Corporate,India,Vadodara,Gujarat,West,PROD-0093,Technology,USB Hubs,USB Hubs - Standard,151312.29,4,0.2,24599.53
ORD-00370,2024-04-03,2024-04-08,Second Class,CUS-037,Sneha Shah,Consumer,India,Noida,Uttar Pradesh,North,PROD-0055,Office Supplies,Notebooks,Notebooks - Lite,7908.87,3,0,1274.04
ORD-00371,2023-01-23,2023-01-30,Second Class,CUS-072,Rekha Gupta,Home Office,India,Ranchi,Jharkhand,East,PROD-0068,Office Supplies,Rubber Stamps,Rubber Stamps - Lite,729.38,1,0.15,22.33
ORD-00372,2024-08-19,2024-08-22,Same Day,CUS-012,Mohan Verma,Corporate,India,Hyderabad,Telangana,South,PROD-0045,Office Supplies,Calculators,Calculators - Standard,5776.84,2,0,1590.75
ORD-00373,2024-12-07,2024-12-14,Same Day,CUS-039,Rekha Gupta,Home Office,India,Agra,Uttar Pradesh,North,PROD-0107,Technology,USB Hubs,USB Hubs - Pro,31924.19,1,0.1,2622.79
ORD-00374,2023-08-21,2023-08-28,First Class,CUS-049,Suresh Mehta,Home Office,India,Noida,Uttar Pradesh,North,PROD-0129,Technology,Monitors,Monitors - Plus,109813.44,3,0.2,4464.81
ORD-00375,2023-06-06,2023-06-08,First Class,CUS-074,Ananya Rao,Home Office,India,Surat,Gujarat,West,PROD-0022,Office Supplies,Pens & Pencils,Pens & Pencils - Standard,3029.96,3,0.15,-107.07
ORD-00376,2024-08-08,2024-08-15,Second Class,CUS-034,Ananya Mehta,Corporate,India,Agra,Uttar Pradesh,North,PROD-0125,Technology,Webcams,Webcams - Standard,83849.39,2,0.05,14108.68
ORD-00377,2024-10-29,2024-11-04,Standard Class,CUS-095,Latha Nair,Home Office,India,Coimbatore,Tamil Nadu,South,PROD-0029,Office Supplies,Paper Reams,Paper Reams - Standard,3282.72,3,0.15,66.89
ORD-00378,2024-03-09,2024-03-13,Same Day,CUS-045,Sanjay Joshi,Corporate,India,Bhubaneswar,Odisha,East,PROD-0160,Office Supplies,Notebooks,Notebooks - Plus,6968.59,2,0.1,1133.4
ORD-00379,2024-03-27,2024-03-29,Second Class,CUS-048,Pooja Patel,Home Office,India,Chennai,Tamil Nadu,South,PROD-0074,Technology,Smartphones,Smartphones - Pro,15286.23,1,0.05,4605.4
ORD-00380,2023-12-18,2023-12-25,First Class,CUS-061,Sunita Reddy,Corporate,India,Lucknow,Uttar Pradesh,North,PROD-0141,Technology,Keyboards,Keyboards - Standard,109481.28,5,0.05,9798.73
ORD-00381,2024-09-29,2024-10-06,Standard Class,CUS-086,Arjun Das,Home Office,India,Mysuru,Karnataka,South,PROD-0073,Technology,Webcams,Webcams - Plus,249881.8,5,0,37225.69
ORD-00382,2024-12-14,2024-12-20,Standard Class,CUS-084,Varun Nair,Corporate,India,Kolkata,West Bengal,East,PROD-0075,Technology,Smartphones,Smartphones - Standard,97152.61,3,0.1,23031.24
ORD-00383,2023-08-25,2023-08-30,Standard Class,CUS-077,Usha Gupta,Corporate,India,Lucknow,Uttar Pradesh,North,PROD-0011,Office Supplies,Pens & Pencils,Pens & Pencils - Plus,4307.16,5,0.15,412.4
ORD-00384,2024-06-26,2024-06-30,Second Class,CUS-096,Amit Bose,Corporate,India,Guwahati,Assam,East,PROD-0129,Technology,Laptops,Laptops - Lite,89014.01,3,0.1,14718.2
ORD-00385,2023-03-05,2023-03-12,Same Day,CUS-072,Rekha Gupta,Consumer,India,Guwahati,Assam,East,PROD-0134,Furniture,Filing Cabinets,Filing Cabinets - Plus,32730.16,4,0.05,1850.28
ORD-00386,2024-03-03,2024-03-06,Second Class,CUS-078,Ravi Nair,Corporate,India,Kochi,Kerala,South,PROD-0036,Furniture,Storage Racks,Storage Racks - Lite,43819.04,2,0.05,8619.82
ORD-00387,2024-12-06,2024-12-13,Standard Class,CUS-084,Varun Nair,Consumer,India,Kochi,Kerala,South,PROD-0048,Office Supplies,Staplers,Staplers - Lite,6622.92,5,0.2,1126.91
ORD-00388,2023-05-30,2023-06-06,Standard Class,CUS-053,Nikhil Pillai,Corporate,India,Lucknow,Uttar Pradesh,North,PROD-0034,Furniture,Storage Racks,Storage Racks - Plus,87174.55,3,0.05,22056.0
ORD-00389,2023-01-27,2023-02-02,Same Day,CUS-079,Ravi Kumar,Home Office,India,Ranchi,Jharkhand,East,PROD-0035,Technology,USB Hubs,USB Hubs - Standard,22245.43,1,0.1,36.05
ORD-00390,2024-12-30,2025-01-06,Standard Class,CUS-063,Ananya Singh,Corporate,India,Bhubaneswar,Odisha,East,PROD-0070,Furniture,Bookshelves,Bookshelves - Standard,18120.2,2,0,3448.62
ORD-00391,2023-08-16,2023-08-23,Same Day,CUS-023,Deepa Gupta,Consumer,India,Chennai,Tamil Nadu,South,PROD-0104,Furniture,Wall Clocks,Wall Clocks - Pro,53876.12,3,0.15,10752.94
ORD-00392,2024-09-14,2024-09-21,Same Day,CUS-051,Rohan Das,Corporate,India,Vadodara,Gujarat,West,PROD-0117,Office Supplies,Rubber Stamps,Rubber Stamps - Pro,15048.25,5,0,3319.27
ORD-00393,2023-09-09,2023-09-15,Same Day,CUS-072,Rekha Gupta,Consumer,India,Vadodara,Gujarat,West,PROD-0078,Furniture,Ergonomic Stands,Ergonomic Stands - Lite,29745.37,1,0.05,3400.94
ORD-00394,2024-04-17,2024-04-20,Standard Class,CUS-007,Priya Sharma,Home Office,India,Ahmedabad,Gujarat,West,PROD-0047,Office Supplies,Correction Fluid,Correction Fluid - Plus,15395.23,4,0.15,-825.56
ORD-00395,2024-02-07,2024-02-12,First Class,CUS-023,Deepa Gupta,Consumer,India,Guwahati,Assam,East,PROD-0178,Furniture,Wall Clocks,Wall Clocks - Plus,61497.24,2,0.15,-3302.87
ORD-00396,2023-05-07,2023-05-09,Second Class,CUS-082,Deepa Iyer,Corporate,India,Noida,Uttar Pradesh,North,PROD-0097,Furniture,Executive Desks,Executive Desks - Standard,71619.97,4,0.2,4051.86
ORD-00397,2023-02-14,2023-02-17,Same Day,CUS-020,Ananya Reddy,Home Office,India,Ranchi,Jharkhand,East,PROD-0074,Technology,Tablets,Tablets - Plus,17746.65,1,0.15,275.11
ORD-00398,2023-05-01,2023-05-04,Same Day,CUS-098,Rohan Iyer,Home Office,India,Bengaluru,Karnataka,South,PROD-0061,Furniture,Office Chairs,Office Chairs - Plus,63903.3,4,0.2,7829.17
ORD-00399,2024-08-25,2024-09-01,Second Class,CUS-057,Usha Verma,Corporate,India,Surat,Gujarat,West,PROD-0013,Technology,USB Hubs,USB Hubs - Plus,81931.76,2,0.2,-4599.39
ORD-00400,2023-06-01,2023-06-03,Standard Class,CUS-005,Rekha Reddy,Consumer,India,Kolkata,West Bengal,East,PROD-0028,Office Supplies,Rubber Stamps,Rubber Stamps - Standard,11356.93,3,0.1,2883.45
ORD-00401,2023-07-02,2023-07-05,First Class,CUS-089,Divya Joshi,Home Office,India,Ranchi,Jharkhand,East,PROD-0010,Office Supplies,Rubber Stamps,Rubber Stamps - Pro,13794.85,5,0.05,4224.12
ORD-00402,2023-11-03,2023-11-07,First Class,CUS-098,Rohan Iyer,Consumer,India,Guwahati,Assam,East,PROD-0085,Furniture,Ergonomic Stands,Ergonomic Stands - Standard,20528.59,4,0.05,1360.21
ORD-00403,2024-06-21,2024-06-24,First Class,CUS-014,Kiran Gupta,Consumer,India,Coimbatore,Tamil Nadu,South,PROD-0110,Office Supplies,Correction Fluid,Correction Fluid - Lite,15799.14,4,0.2,2609.83
ORD-00404,2023-09-23,2023-09-29,Second Class,CUS-073,Varun Das,Home Office,India,Bhubaneswar,Odisha,East,PROD-0182,Furniture,Ergonomic Stands,Ergonomic Stands - Lite,101931.46,4,0.15,17766.62
ORD-00405,2023-07-18,2023-07-20,First Class,CUS-081,Sanjay Bose,Corporate,India,Delhi,Delhi,North,PROD-0144,Technology,Printers,Printers - Plus,222933.34,4,0.15,-15137.73
ORD-00406,2023-01-12,2023-01-19,Standard Class,CUS-033,Rahul Joshi,Corporate,India,Mysuru,Karnataka,South,PROD-0176,Technology,Monitors,Monitors - Lite,133292.02,5,0.1,27709.75
ORD-00407,2023-12-16,2023-12-21,Same Day,CUS-043,Sneha Pillai,Consumer,India,Jaipur,Rajasthan,North,PROD-0138,Furniture,Storage Racks,Storage Racks - Lite,35053.13,1,0.05,5903.82
ORD-00408,2024-04-18,2024-04-23,First Class,CUS-073,Varun Das,Corporate,India,Agra,Uttar Pradesh,North,PROD-0091,Office Supplies,Folders & Binders,Folders & Binders - Pro,2679.35,1,0.05,524.3
ORD-00409,2023-06-02,2023-06-06,First Class,CUS-081,Sanjay Bose,Corporate,India,Lucknow,Uttar Pradesh,North,PROD-0181,Office Supplies,Staplers,Staplers - Lite,11011.68,4,0.05,2210.47
ORD-00410,2024-12-27,2024-12-29,Second Class,CUS-064,Sanjay Nair,Consumer,India,Guwahati,Assam,East,PROD-0029,Technology,Keyboards,Keyboards - Lite,115531.19,3,0.05,20890.12
ORD-00411,2023-02-08,2023-02-11,First Class,CUS-004,Vikram Kumar,Home Office,India,Chandigarh,Punjab,North,PROD-0199,Furniture,Ergonomic Stands,Ergonomic Stands - Lite,22187.24,3,0.15,3334.85
ORD-00412,2023-05-27,2023-05-29,Standard Class,CUS-005,Rekha Reddy,Home Office,India,Chennai,Tamil Nadu,South,PROD-0176,Furniture,Desk Lamps,Desk Lamps - Pro,147030.3,5,0,11925.58
ORD-00413,2023-12-08,2023-12-13,Second Class,CUS-099,Mohan Rao,Home Office,India,Delhi,Delhi,North,PROD-0074,Office Supplies,Sticky Notes,Sticky Notes - Lite,598.93,3,0.05,73.53
ORD-00414,2024-06-29,2024-07-03,Standard Class,CUS-035,Amit Pillai,Consumer,India,Vadodara,Gujarat,West,PROD-0053,Technology,Tablets,Tablets - Lite,22161.49,1,0.2,861.5
ORD-00415,2024-07-16,2024-07-20,Same Day,CUS-037,Sneha Shah,Home Office,India,Bhubaneswar,Odisha,East,PROD-0013,Office Supplies,Paper Reams,Paper Reams - Plus,2254.2,3,0.2,340.68
ORD-00416,2023-01-30,2023-02-04,Same Day,CUS-007,Priya Sharma,Corporate,India,Delhi,Delhi,North,PROD-0158,Technology,Webcams,Webcams - Lite,144872.04,5,0.2,9046.73
ORD-00417,2023-11-16,2023-11-20,First Class,CUS-069,Ravi Gupta,Home Office,India,Mysuru,Karnataka,South,PROD-0176,Technology,Headphones,Headphones - Standard,41548.71,1,0.15,-2138.0
ORD-00418,2024-04-26,2024-04-29,Standard Class,CUS-034,Ananya Mehta,Home Office,India,Chennai,Tamil Nadu,South,PROD-0017,Furniture,Desk Lamps,Desk Lamps - Standard,26416.96,3,0.1,3005.26
ORD-00419,2023-04-26,2023-04-30,Standard Class,CUS-037,Sneha Shah,Consumer,India,Surat,Gujarat,West,PROD-0084,Furniture,Wall Clocks,Wall Clocks - Pro,121315.5,5,0,22993.56
ORD-00420,2023-11-06,2023-11-12,First Class,CUS-053,Nikhil Pillai,Home Office,India,Surat,Gujarat,West,PROD-0054,Technology,USB Hubs,USB Hubs - Standard,43427.79,2,0.15,1718.23
ORD-00421,2024-03-21,2024-03-27,Same Day,CUS-031,Priya Joshi,Home Office,India,Ranchi,Jharkhand,East,PROD-0084,Technology,Smartphones,Smartphones - Pro,260246.33,5,0.15,-11981.38
ORD-00422,2024-03-31,2024-04-03,Standard Class,CUS-077,Usha Gupta,Consumer,India,Guwahati,Assam,East,PROD-0024,Technology,USB Hubs,USB Hubs - Plus,228732.19,4,0.1,28835.43
ORD-00423,2023-05-23,2023-05-29,Second Class,CUS-020,Ananya Reddy,Home Office,India,Jaipur,Rajasthan,North,PROD-0175,Furniture,Ergonomic Stands,Ergonomic Stands - Lite,55142.48,5,0.2,50.53
ORD-00424,2023-11-03,2023-11-09,First Class,CUS-045,Sanjay Joshi,Home Office,India,Guwahati,Assam,East,PROD-0016,Technology,USB Hubs,USB Hubs - Lite,36484.51,5,0.15,6818.82
ORD-00425,2024-07-16,2024-07-18,Same Day,CUS-046,Rekha Das,Home Office,India,Noida,Uttar Pradesh,North,PROD-0161,Technology,Monitors,Monitors - Lite,119559.18,2,0.15,16822.67
ORD-00426,2024-12-29,2025-01-03,First Class,CUS-070,Latha Sharma,Corporate,India,Surat,Gujarat,West,PROD-0107,Technology,Tablets,Tablets - Plus,67505.18,2,0.2,-1363.55
ORD-00427,2023-10-23,2023-10-30,Second Class,CUS-010,Deepa Sharma,Consumer,India,Chennai,Tamil Nadu,South,PROD-0022,Office Supplies,Notebooks,Notebooks - Plus,2738.97,4,0.15,622.69
ORD-00428,2024-10-19,2024-10-24,Same Day,CUS-055,Vikram Joshi,Home Office,India,Vadodara,Gujarat,West,PROD-0091,Office Supplies,Staplers,Staplers - Plus,7444.9,4,0.2,943.82
ORD-00429,2023-07-10,2023-07-15,Standard Class,CUS-094,Vikram Chopra,Corporate,India,Agra,Uttar Pradesh,North,PROD-0146,Technology,Smart Watches,Smart Watches - Standard,109544.12,5,0.2,-2864.32
ORD-00430,2024-12-22,2024-12-26,Standard Class,CUS-089,Divya Joshi,Corporate,India,Agra,Uttar Pradesh,North,PROD-0134,Technology,Tablets,Tablets - Pro,272580.08,5,0.1,31962.38
ORD-00431,2023-09-09,2023-09-14,Same Day,CUS-070,Latha Sharma,Home Office,India,Noida,Uttar Pradesh,North,PROD-0117,Office Supplies,Sticky Notes,Sticky Notes - Standard,7449.34,3,0.2,839.93
ORD-00432,2024-08-10,2024-08-17,First Class,CUS-038,Kavya Iyer,Corporate,India,Guwahati,Assam,East,PROD-0016,Furniture,Bookshelves,Bookshelves - Standard,19381.81,5,0.1,3796.3
ORD-00433,2024-08-15,2024-08-18,First Class,CUS-095,Latha Nair,Corporate,India,Noida,Uttar Pradesh,North,PROD-0065,Office Supplies,Notebooks,Notebooks - Plus,1430.13,1,0.05,250.67
ORD-00434,2024-09-22,2024-09-26,First Class,CUS-095,Latha Nair,Consumer,India,Patna,Bihar,East,PROD-0045,Technology,USB Hubs,USB Hubs - Lite,97717.95,5,0.05,21392.21
ORD-00435,2024-12-18,2024-12-21,Same Day,CUS-005,Rekha Reddy,Home Office,India,Pune,Maharashtra,West,PROD-0198,Furniture,Executive Desks,Executive Desks - Standard,184261.0,5,0.05,49683.72
ORD-00436,2023-09-01,2023-09-08,Standard Class,CUS-022,Kavya Shah,Home Office,India,Vadodara,Gujarat,West,PROD-0014,Technology,USB Hubs,USB Hubs - Plus,182622.0,3,0,46278.33
ORD-00437,2024-04-20,2024-04-25,Same Day,CUS-096,Amit Bose,Corporate,India,Ahmedabad,Gujarat,West,PROD-0004,Office Supplies,Paper Reams,Paper Reams - Lite,6667.47,4,0.15,7.13
ORD-00438,2024-04-04,2024-04-09,First Class,CUS-006,Kiran Verma,Home Office,India,Ranchi,Jharkhand,East,PROD-0086,Technology,Smart Watches,Smart Watches - Lite,172462.53,4,0.2,27566.27
ORD-00439,2023-10-01,2023-10-03,Second Class,CUS-051,Rohan Das,Home Office,India,Cuttack,Odisha,East,PROD-0081,Furniture,Filing Cabinets,Filing Cabinets - Pro,143305.6,5,0.05,25702.56
ORD-00440,2024-11-19,2024-11-21,First Class,CUS-013,Pooja Pillai,Corporate,India,Delhi,Delhi,North,PROD-0050,Office Supplies,Pens & Pencils,Pens & Pencils - Pro,9858.01,3,0.05,2343.28
ORD-00441,2023-01-25,2023-01-31,Second Class,CUS-085,Latha Bose,Home Office,India,Delhi,Delhi,North,PROD-0097,Technology,USB Hubs,USB Hubs - Plus,53941.97,1,0,16788.85
ORD-00442,2023-04-24,2023-05-01,First Class,CUS-060,Vikram Bose,Corporate,India,Hyderabad,Telangana,South,PROD-0066,Office Supplies,Pens & Pencils,Pens & Pencils - Plus,8236.55,3,0.15,1132.77
ORD-00443,2023-03-17,2023-03-21,Same Day,CUS-043,Sneha Pillai,Corporate,India,Chandigarh,Punjab,North,PROD-0052,Technology,Monitors,Monitors - Standard,218890.29,3,0.05,34320.89
ORD-00444,2023-07-02,2023-07-09,Standard Class,CUS-070,Latha Sharma,Consumer,India,Mumbai,Maharashtra,West,PROD-0009,Furniture,Filing Cabinets,Filing Cabinets - Pro,21859.24,1,0.15,3167.23
ORD-00445,2023-03-14,2023-03-20,First Class,CUS-064,Sanjay Nair,Consumer,India,Guwahati,Assam,East,PROD-0101,Technology,Laptops,Laptops - Pro,270606.06,4,0.1,6294.3
ORD-00446,2024-06-11,2024-06-18,Same Day,CUS-052,Rohan Chopra,Corporate,India,Surat,Gujarat,West,PROD-0032,Office Supplies,Pens & Pencils,Pens & Pencils - Lite,2334.64,1,0.15,515.33
ORD-00447,2023-12-08,2023-12-15,First Class,CUS-081,Sanjay Bose,Consumer,India,Guwahati,Assam,East,PROD-0166,Office Supplies,Pens & Pencils,Pens & Pencils - Plus,5670.72,3,0,1741.59
ORD-00448,2023-06-30,2023-07-06,Same Day,CUS-025,Latha Kumar,Home Office,India,Chandigarh,Punjab,North,PROD-0189,Furniture,Desk Lamps,Desk Lamps - Plus,92231.08,3,0.15,-5109.29
ORD-00449,2023-05-24,2023-05-26,Same Day,CUS-076,Arun Sharma,Home Office,India,Bengaluru,Karnataka,South,PROD-0005,Technology,Headphones,Headphones - Pro,161960.67,5,0.1,20679.63
ORD-00450,2023-12-14,2023-12-16,Second Class,CUS-052,Rohan Chopra,Consumer,India,Cuttack,Odisha,East,PROD-0190,Technology,Printers,Printers - Plus,280973.75,5,0.15,60764.45
ORD-00451,2023-03-15,2023-03-17,Standard Class,CUS-003,Pooja Joshi,Home Office,India,Kochi,Kerala,South,PROD-0079,Furniture,Wall Clocks,Wall Clocks - Pro,9389.32,2,0,1187.82
ORD-00452,2024-04-12,2024-04-18,Second Class,CUS-014,Kiran Gupta,Consumer,India,Coimbatore,Tamil Nadu,South,PROD-0110,Technology,Headphones,Headphones - Lite,241482.26,5,0.05,11957.12
ORD-00453,2024-11-25,2024-11-30,First Class,CUS-074,Ananya Rao,Home Office,India,Kolkata,West Bengal,East,PROD-0017,Office Supplies,Staplers,Staplers - Pro,3351.58,2,0,804.83
ORD-00454,2023-10-08,2023-10-11,Same Day,CUS-048,Pooja Patel,Home Office,India,Pune,Maharashtra,West,PROD-0200,Office Supplies,Staplers,Staplers - Plus,11247.2,5,0,1304.79
ORD-00455,2023-01-17,2023-01-22,Second Class,CUS-023,Deepa Gupta,Consumer,India,Delhi,Delhi,North,PROD-0037,Technology,USB Hubs,USB Hubs - Lite,244316.83,4,0.15,33611.31
ORD-00456,2024-06-19,2024-06-24,First Class,CUS-079,Ravi Kumar,Consumer,India,Pune,Maharashtra,West,PROD-0090,Office Supplies,Notebooks,Notebooks - Standard,9669.54,4,0.2,1650.84
ORD-00457,2023-01-05,2023-01-11,Second Class,CUS-068,Deepa Pillai,Consumer,India,Chennai,Tamil Nadu,South,PROD-0071,Technology,USB Hubs,USB Hubs - Pro,136227.56,5,0.2,-10352.52
ORD-00458,2023-07-18,2023-07-20,First Class,CUS-064,Sanjay Nair,Corporate,India,Mysuru,Karnataka,South,PROD-0054,Technology,Tablets,Tablets - Standard,56250.27,1,0,14293.89
ORD-00459,2023-09-15,2023-09-19,Standard Class,CUS-095,Latha Nair,Consumer,India,Mumbai,Maharashtra,West,PROD-0061,Technology,Smart Watches,Smart Watches - Standard,17564.32,1,0.15,1426.31
ORD-00460,2024-08-29,2024-09-04,Second Class,CUS-096,Amit Bose,Consumer,India,Guwahati,Assam,East,PROD-0189,Office Supplies,Folders & Binders,Folders & Binders - Standard,1104.58,1,0.1,50.93
ORD-00461,2023-07-24,2023-07-29,Same Day,CUS-075,Meena Nair,Corporate,India,Bengaluru,Karnataka,South,PROD-0046,Furniture,Office Chairs,Office Chairs - Standard,68301.37,2,0.05,20169.0
ORD-00462,2024-01-18,2024-01-21,Standard Class,CUS-081,Sanjay Bose,Consumer,India,Vadodara,Gujarat,West,PROD-0072,Furniture,Conference Tables,Conference Tables - Plus,20963.6,2,0,5595.12
ORD-00463,2023-04-24,2023-04-29,Second Class,CUS-098,Rohan Iyer,Consumer,India,Surat,Gujarat,West,PROD-0148,Furniture,Filing Cabinets,Filing Cabinets - Plus,170036.37,5,0.05,43525.32
ORD-00464,2023-03-30,2023-04-04,Same Day,CUS-061,Sunita Reddy,Home Office,India,Pune,Maharashtra,West,PROD-0149,Furniture,Conference Tables,Conference Tables - Plus,13439.23,4,0.05,1371.01
ORD-00465,2024-08-28,2024-08-31,Standard Class,CUS-006,Kiran Verma,Consumer,India,Chandigarh,Punjab,North,PROD-0116,Furniture,Ergonomic Stands,Ergonomic Stands - Standard,18036.83,5,0.15,1260.51
ORD-00466,2023-09-04,2023-09-06,First Class,CUS-053,Nikhil Pillai,Home Office,India,Noida,Uttar Pradesh,North,PROD-0042,Technology,Tablets,Tablets - Standard,67610.42,2,0,5699.64
ORD-00467,2024-08-07,2024-08-14,Standard Class,CUS-099,Mohan Rao,Corporate,India,Chandigarh,Punjab,North,PROD-0161,Technology,Webcams,Webcams - Pro,54356.03,3,0.15,7677.22
ORD-00468,2024-01-30,2024-02-06,Second Class,CUS-038,Kavya Iyer,Consumer,India,Ranchi,Jharkhand,East,PROD-0176,Furniture,Conference Tables,Conference Tables - Pro,115312.12,5,0.2,5089.87
ORD-00469,2024-09-27,2024-10-01,First Class,CUS-047,Varun Patel,Home Office,India,Agra,Uttar Pradesh,North,PROD-0045,Technology,Smartphones,Smartphones - Pro,113832.83,4,0.2,-15504.59
ORD-00470,2024-07-28,2024-08-04,Second Class,CUS-031,Priya Joshi,Corporate,India,Chennai,Tamil Nadu,South,PROD-0083,Office Supplies,Pens & Pencils,Pens & Pencils - Lite,15581.38,5,0.05,3827.39
ORD-00471,2023-10-01,2023-10-07,Same Day,CUS-009,Pooja Bose,Consumer,India,Ahmedabad,Gujarat,West,PROD-0182,Furniture,Whiteboards,Whiteboards - Lite,78956.76,5,0.2,10262.52
ORD-00472,2024-04-07,2024-04-13,Standard Class,CUS-009,Pooja Bose,Home Office,India,Cuttack,Odisha,East,PROD-0028,Technology,Headphones,Headphones - Plus,54287.67,4,0.05,6163.69
ORD-00473,2023-10-10,2023-10-12,Same Day,CUS-027,Latha Rao,Consumer,India,Kochi,Kerala,South,PROD-0114,Office Supplies,Notebooks,Notebooks - Pro,7298.52,5,0.05,1213.51
ORD-00474,2023-10-26,2023-10-29,Same Day,CUS-067,Nikhil Mehta,Consumer,India,Delhi,Delhi,North,PROD-0118,Office Supplies,Folders & Binders,Folders & Binders - Lite,5716.68,3,0.1,706.71
ORD-00475,2024-08-03,2024-08-06,Same Day,CUS-030,Mohan Reddy,Corporate,India,Bhubaneswar,Odisha,East,PROD-0043,Furniture,Whiteboards,Whiteboards - Plus,36970.95,1,0.05,4877.93
ORD-00476,2024-12-29,2025-01-04,Second Class,CUS-091,Kiran Reddy,Consumer,India,Bhubaneswar,Odisha,East,PROD-0113,Office Supplies,Staplers,Staplers - Lite,890.15,1,0,310.06
ORD-00477,2024-01-14,2024-01-17,Second Class,CUS-005,Rekha Reddy,Home Office,India,Coimbatore,Tamil Nadu,South,PROD-0137,Office Supplies,Folders & Binders,Folders & Binders - Lite,8806.16,2,0.1,988.99
ORD-00478,2023-05-05,2023-05-07,First Class,CUS-059,Kavya Joshi,Consumer,India,Surat,Gujarat,West,PROD-0122,Furniture,Bookshelves,Bookshelves - Lite,12635.56,5,0.2,-482.59
ORD-00479,2024-08-10,2024-08-17,Standard Class,CUS-057,Usha Verma,Home Office,India,Coimbatore,Tamil Nadu,South,PROD-0079,Furniture,Executive Desks,Executive Desks - Pro,28567.17,1,0.05,6406.93
ORD-00480,2024-02-16,2024-02-22,First Class,CUS-012,Mohan Verma,Corporate,India,Kochi,Kerala,South,PROD-0051,Furniture,Office Chairs,Office Chairs - Pro,40802.54,2,0.2,1129.06
ORD-00481,2023-03-27,2023-04-02,Standard Class,CUS-012,Mohan Verma,Home Office,India,Vadodara,Gujarat,West,PROD-0171,Office Supplies,Calculators,Calculators - Lite,2526.74,3,0.2,136.98
ORD-00482,2024-02-12,2024-02-15,Standard Class,CUS-048,Pooja Patel,Corporate,India,Ahmedabad,Gujarat,West,PROD-0056,Technology,Monitors,Monitors - Standard,83727.36,3,0.15,16357.52
ORD-00483,2024-03-01,2024-03-06,Second Class,CUS-055,Vikram Joshi,Home Office,India,Bhubaneswar,Odisha,East,PROD-0078,Office Supplies,Calculators,Calculators - Standard,3135.52,5,0.2,-379.24
ORD-00484,2024-06-21,2024-06-25,Same Day,CUS-012,Mohan Verma,Corporate,India,Agra,Uttar Pradesh,North,PROD-0182,Technology,Webcams,Webcams - Plus,137684.78,3,0.15,-3689.77
ORD-00485,2023-07-24,2023-07-27,Same Day,CUS-063,Ananya Singh,Home Office,India,Ahmedabad,Gujarat,West,PROD-0058,Technology,Monitors,Monitors - Pro,173629.83,3,0.15,16547.1
ORD-00486,2023-01-03,2023-01-06,Second Class,CUS-082,Deepa Iyer,Home Office,India,Patna,Bihar,East,PROD-0008,Furniture,Executive Desks,Executive Desks - Pro,69337.25,3,0.15,-1759.49
ORD-00487,2023-10-11,2023-10-16,Standard Class,CUS-047,Varun Patel,Home Office,India,Agra,Uttar Pradesh,North,PROD-0096,Office Supplies,Markers,Markers - Pro,7321.87,3,0.15,1662.92
ORD-00488,2023-09-23,2023-09-26,First Class,CUS-060,Vikram Bose,Corporate,India,Jaipur,Rajasthan,North,PROD-0013,Office Supplies,Staplers,Staplers - Lite,1666.07,1,0.1,143.49
ORD-00489,2023-10-26,2023-11-01,First Class,CUS-099,Mohan Rao,Consumer,India,Agra,Uttar Pradesh,North,PROD-0176,Office Supplies,Staplers,Staplers - Lite,18273.15,5,0.05,3400.78
ORD-00490,2023-10-05,2023-10-12,Same Day,CUS-075,Meena Nair,Home Office,India,Kolkata,West Bengal,East,PROD-0106,Furniture,Bookshelves,Bookshelves - Lite,15647.44,5,0.1,1403.29
ORD-00491,2023-06-16,2023-06-18,Standard Class,CUS-029,Kiran Iyer,Home Office,India,Chennai,Tamil Nadu,South,PROD-0107,Technology,Smart Watches,Smart Watches - Standard,208667.36,5,0.2,18881.19
ORD-00492,2023-03-20,2023-03-22,First Class,CUS-045,Sanjay Joshi,Corporate,India,Bengaluru,Karnataka,South,PROD-0045,Furniture,Whiteboards,Whiteboards - Lite,26059.26,4,0.2,691.96
ORD-00493,2023-01-30,2023-02-06,Same Day,CUS-089,Divya Joshi,Consumer,India,Jaipur,Rajasthan,North,PROD-0177,Technology,Printers,Printers - Pro,57256.2,2,0.05,17773.5
ORD-00494,2023-03-21,2023-03-23,Standard Class,CUS-026,Nikhil Reddy,Consumer,India,Surat,Gujarat,West,PROD-0065,Technology,Laptops,Laptops - Pro,260399.88,5,0.2,-33851.46
ORD-00495,2023-03-09,2023-03-13,Second Class,CUS-078,Ravi Nair,Consumer,India,Delhi,Delhi,North,PROD-0192,Technology,USB Hubs,USB Hubs - Lite,131192.26,2,0.1,-1763.81
ORD-00496,2024-08-16,2024-08-20,Standard Class,CUS-100,Nikhil Shah,Home Office,India,Bhubaneswar,Odisha,East,PROD-0136,Office Supplies,Rubber Stamps,Rubber Stamps - Plus,6424.65,5,0,685.89
ORD-00497,2023-07-16,2023-07-20,Second Class,CUS-093,Rahul Singh,Consumer,India,Coimbatore,Tamil Nadu,South,PROD-0113,Technology,Printers,Printers - Pro,267387.7,4,0.1,50059.7
ORD-00498,2023-07-05,2023-07-09,Second Class,CUS-066,Deepa Reddy,Consumer,India,Surat,Gujarat,West,PROD-0127,Technology,Webcams,Webcams - Lite,48374.61,3,0,9955.18
ORD-00499,2024-12-22,2024-12-26,Same Day,CUS-064,Sanjay Nair,Corporate,India,Delhi,Delhi,North,PROD-0058,Technology,Webcams,Webcams - Standard,127890.09,5,0.1,23517.93
ORD-00500,2023-10-25,2023-10-30,Standard Class,CUS-087,Sunita Sharma,Corporate,India,Bengaluru,Karnataka,South,PROD-0031,Furniture,Bookshelves,Bookshelves - Plus,13892.32,4,0,2598.14
